url,price,title,description,overview,items,amenities,ratings
https://www.airbnb.com/rooms/899639968336832498,"₴18,939 for 5 nights, originally ₴26,500",Central Cool Apt with balcony - L11,"We're pleased to offer you a comfortable and peaceful apartment with a lovely balcony where you can relax. The flat has been recently updated with new amenities. You can reach Wenceslas Square in just an 18-minute walk, or take a 7-minute stroll to the nearest metro and tram stop, I.P Pavlova.<br /><br /><b>The space</b><br />This apartment is on the 5th floor and can be reached with a lift. It's one floor up from the ground floor.<br /><br />The apartment has one bedroom with a double bed and a single bed. The living room has a sofa bed where two people can sleep. If you need extra sleeping space, we can provide an air bed mattress.<br /><br />We provide you:<br />* fresh bed linens & towels<br />* shower gel, shampoo<br /><br />The apartment is composed by:<br />1) Wide bedroom with double bed (premium mattress 160x200), a wardrobe with hangers, a working place, and a balcony where you can sit in the peaceful courtyard<br /><br />Crib is also available on request during reservation.<br /><br />2) Bright living room with a sofa that can be converted as a comfortable double bed, dining table for 6 people, and a fully equipped kitchen with place prepare your dishes for friends or family.<br /><br />3) Bathroom: bathtub, sink, modern hairdryer, bathroom cabinet, washing machine, mirror, and towel hangers.<br /><br />4) Entrance with the coat hanger where you can leave your shoes<br /><br />The apartment has all the essential amenities to ensure a comfortable stay for you.<br />+Coffee machine (NESPRESSO) CAPSULES ARE NOT PROVIDED<br />+ Kettle<br />+Toaster<br />+Electric oven <br />+Different dishes, pots, cups, glasses<br />+Citrus squeezer<br />+Iron and ironing board <br />+Hair dryer<br />+Free usage of instant coffee powder, herbal teas, sugar, salt, etc.<br />+Washing machine (LAUNDRY GEL IS NOT PROVIDED)<br />+Baby high chair on request<br />+Baby crib on request<br /><br />Our apartment was designed by a professional architect and tested for comfort by experienced travelers for over 20 years.<br /><br /><b>Guest access</b><br />You’ll have full access to the entire house.<br /><br />We're committed to making your stay as enjoyable as possible, and your preferences truly matter in helping us achieve that.<br /><br />Please don’t hesitate to contact me at any time during your stay.<br /><br /><b>Other things to note</b><br />House Rules & Important Information<br /><br />Our apartment is regularly maintained and cleaned to high standards.<br />Please help us keep it that way by maintaining order during your stay and reporting any issues or concerns you may experience.<br /><br />🚫 Please avoid bringing food or dirty items into the bed area.<br />Excessive stains or damage to bed linens and towels may result in an extra cleaning fee.<br /><br />🔇 Be respectful of neighbors.<br />Avoid loud noise, unruly behavior, or disturbances, especially in shared spaces.<br /><br />👥 Guest Policy:<br />The apartment has a strict maximum occupancy limit.<br />Visitors are welcome, but overnight stays by unregistered guests are not allowed.<br /><br />🚨 Strict Rules (Penalty: €100 for violations)<br /><br />- Quiet hours after 10:00 PM<br />- No smoking<br />- No parties or events inside the unit<br /><br />💰 Tourist Tax Notice:<br />A compulsory city tax of 50 CZK per person per night must be paid by guests upon arrival.","Entire rental unit in Prague 2, Czechia","['5 guests', '1 bedroom', '3 beds', '1 bath']","['City skyline view', 'Courtyard view', 'Bathtub', 'Hair dryer', 'Cleaning products', 'Shampoo', 'Conditioner', 'Body soap', 'Bidet', 'Hot water', 'Shower gel', 'Free washer – In unit', 'Essentials', 'Hangers', 'Bed linens', 'Extra pillows and blankets', 'Room-darkening shades', 'Iron', 'Drying rack for clothing', 'Clothing storage', 'TV', 'Crib - available upon request', 'Pack ’n play/Travel crib', 'High chair - available upon request', 'Children’s dinnerware', 'Changing table', 'Portable fans', 'Heating', 'Smoke alarm', 'Carbon monoxide alarm', 'First aid kit', 'Wifi', 'Dedicated workspace', 'Kitchen', 'Refrigerator', 'Microwave', 'Cooking basics', 'Dishes and silverware', 'Freezer', 'Dishwasher', 'Induction stove', 'Oven', 'Hot water kettle', 'Coffee maker: Nespresso', 'Wine glasses', 'Toaster', 'Dining table', 'Coffee', 'Private patio or balcony', 'Elevator', 'Paid parking off premises', 'Single level home', 'Pets allowed', 'Luggage dropoff allowed', 'Long term stays allowed', 'Self check-in', 'Lockbox', 'Cleaning available during stay']","['Rated 4.9 out of 5 stars for cleanliness', 'Rated 4.9 out of 5 stars for accuracy', 'Rated 5.0 out of 5 stars for check-in', 'Rated 4.9 out of 5 stars for communication', 'Rated 4.9 out of 5 stars for location', 'Rated 4.9 out of 5 stars for value']"
https://www.airbnb.com/rooms/1654448905983790372,"₴56,561 for 5 nights",Kafka Apartments | 3BR near Wenceslas square,"Set on the 3rd floor of a peaceful residential building on Vladislavova street, this apartment offers a rare combination in Prague 1: a genuinely tranquil setting just minutes on foot from everything that draws visitors to the city. Old Town Square, Charles Bridge, and the National Theatre are all under a 15-minute walk away.<br /><br /><b>The space</b><br />A central, quiet retreat in the heart of Prague's New Town<br /><br />Set on the 3rd floor of a peaceful residential building on Vladislavova street, this apartment offers a rare combination in Prague 1: a genuinely tranquil setting just minutes on foot from everything that draws visitors to the city. Old Town Square, Charles Bridge, and the National Theatre are all under a 15-minute walk away.<br /><br />About Heller Home<br />Heller Home s.r.o. is a privately owned company, passionately organized and known for outstanding, professional service. Every member of our team works to make your stay in our exclusive apartments a seamless one.<br /><br />The apartment<br />Seductive and striking, this three-bedroom, 115 m² apartment sits in the heart of the prestigious New Town — tucked into a quiet residential building, yet only a stone's throw from Wenceslas Square and minutes from Old Town Square and Charles Bridge. The location is ideal for exploring everything Prague has to offer.<br /><br />Reflecting the urban character of the right-bank neighborhood, the apartment is within walking distance of landmarks including Na Příkopě street, the National Museum, the National Theatre, and Republic Square.<br /><br />The neighborhood<br />This part of the city is loved for its lively atmosphere — cafés, restaurants, bars, classic Czech pubs, excellent nightlife, and an impressive range of shops: bakery, grocery, fishmonger, butcher, greengrocer, and gourmet food shop. For high-end shopping, Pařížská street is a short walk away.<br /><br />The experience<br />The apartment epitomizes discreet luxury. The quality of the facilities and furnishings is beyond comparison, and combined with a truly enviable location, the result is an awe-inspiring home designed to make your visit to Prague memorable.<br /><br />Getting around<br />The area is easily explored on foot, and Prague's tram and metro network handles the rest with ease. The Lázarská tram stop and Národní třída metro station are right on your doorstep, connecting you effortlessly to the rest of the city.<br /><br />Building note<br />The apartment is on the third floor of a building with a lift. Please note that this is a small lift, accommodating two people at a time.<br /><br />Property layout:<br /><br />3 bedrooms<br />2 bathrooms<br />Living room / dining area<br />Make-up room<br />Kitchen<br />2 separate guest toilets<br />Utility room<br />1 small terrace<br /><br />Beds: 3 king-size beds, each with the option to split into single beds.<br /><br />In-apartment highlights<br />WiFi, large Smart TV, Nespresso machine, hair dryers, washing machine, dryer, and ironing facilities. Hotel-grade mattresses, make-up mirror, and the option to split beds.<br /><br />Complimentary<br />Nespresso pods; a range of teas (black, green, and a wide selection of flavored); sugar, salt, pepper, olive oil; shower gel and soap; washing machine and dishwasher capsules.<br /><br />Address<br />Vladislavova, Prague 1<br />Nearby (distances)<br /><br />Old Town — 150 m<br />Wenceslas Square — 200 m<br />Na Příkopě street — 200 m<br />National Theatre — 250 m<br />Charles Bridge — 400 m<br />Jewish Town (Josefov) — 500 m<br />Pařížská street — 500 m<br />Parking — 100 m<br />Tram stop — 20 m<br />Metro station — 100 m<br /><br />House rules & restrictions<br /><br />This apartment is not suitable for young groups.<br /><br />Parties of any kind (stag, hen, bachelor, etc.) are strictly forbidden.<br />Hostesses and escort services are strictly forbidden.<br />The apartment is non-smoking.<br /><br />We are not flexible on these points. Due to serious past issues with neighbors, we strictly enforce these conditions and will not accept such guests on arrival.<br />If you have any doubts, please contact us before booking.","Entire rental unit in Prague 1, Czechia","['8 guests', '3 bedrooms', '8 beds', '2.5 baths']","['Bathtub', 'Washer', 'TV', 'Crib - available upon request', 'Noise decibel monitors on property', 'Smoke alarm', 'Fire extinguisher', 'First aid kit', 'Wifi', 'Kitchen', 'Coffee maker: Nespresso', 'Baking sheet', 'Coffee', 'Host greets you']",N/A
https://www.airbnb.com/rooms/1582166269609610761,"₴20,733 for 5 nights, originally ₴29,574",Modern Old Town Suite w/Terrace • Walk Everywhere,"Just a short 7-minute walk from Prague’s magical Old Town, this cozy retreat places you at the heartbeat of the city. Step outside and you’re instantly surrounded by stylish cafés, buzzing eateries, hidden cocktail bars, and charming shops waiting to be discovered.<br /><br />Whether you're into street food, design, or culture, everything’s around the corner. Start your day with great coffee, explore like a local, and come home to comfort and calm. The perfect launchpad for your Prague experience.","Entire home in Prague 1, Czechia","['4 guests', '1 bedroom', '2 beds', '1 bath']","['Hair dryer', 'Cleaning products', 'Shampoo', 'Conditioner', 'Body soap', 'Hot water', 'Shower gel', 'Washer', 'Dryer –\xa0In unit', 'Essentials', 'Hangers', 'Bed linens', 'Extra pillows and blankets', 'Iron', 'Drying rack for clothing', 'Clothing storage', 'Ethernet connection', 'Heating', 'Exterior security cameras on property', 'Carbon monoxide alarm', 'Wifi', 'Dedicated workspace', 'Kitchen', 'Refrigerator', 'Microwave', 'Cooking basics', 'Dishes and silverware', 'Freezer', 'Dishwasher', 'Stove', 'Oven', 'Hot water kettle', 'Coffee maker', 'Wine glasses', 'Toaster', 'Baking sheet', 'Dining table', 'Coffee', 'Laundromat nearby', 'Private patio or balcony', 'Outdoor furniture', 'Elevator', 'Single level home', 'Long term stays allowed', 'Self check-in', 'Smart lock']","['Rated 5.0 out of 5 stars for cleanliness', 'Rated 5.0 out of 5 stars for accuracy', 'Rated 5.0 out of 5 stars for check-in', 'Rated 5.0 out of 5 stars for communication', 'Rated 5.0 out of 5 stars for location', 'Rated 5.0 out of 5 stars for value']"
https://www.airbnb.com/rooms/1557068445069902595,"₴15,030 for 5 nights",Apartment in the center of Prague - Ječná,"The apartment is new, clean and comfortable for your stay in Prague. It is close to all the historical monuments and businesses you can visit.","Entire rental unit in Prague 2, Czechia","['2 guests', '1 bedroom', '1 bed', '1 bath']","['Hot water', 'Washer', 'Essentials', 'Bed linens', 'Heating', 'Smoke alarm', 'Carbon monoxide alarm', 'Wifi', 'Kitchen', 'Dining table', 'Self check-in', 'Lockbox']","['Rated 5.0 out of 5 stars for cleanliness', 'Rated 4.9 out of 5 stars for accuracy', 'Rated 4.9 out of 5 stars for check-in', 'Rated 4.8 out of 5 stars for communication', 'Rated 4.9 out of 5 stars for location', 'Rated 4.9 out of 5 stars for value']"
https://www.airbnb.com/rooms/1686977650251380779,"₴18,424 for 5 nights",Golden Dream Studio with Xbox & Games in Center,Enjoy a stylish space experience in the action.,"Entire rental unit in Prague 2, Czechia","['3 guests', 'Studio', '2 beds', '1 bath']","['Hair dryer', 'Cleaning products', 'Shampoo', 'Conditioner', 'Body soap', 'Hot water', 'Shower gel', 'Essentials', 'Hangers', 'Bed linens', 'Extra pillows and blankets', 'Room-darkening shades', 'Iron', 'Clothing storage: closet and dresser', 'TV', 'Game console', 'Board games', 'Central heating', 'Exterior security cameras on property', 'Smoke alarm', 'Wifi', 'Dedicated workspace', 'Kitchen', 'Refrigerator', 'Microwave', 'Cooking basics', 'Dishes and silverware', 'Freezer', 'Dishwasher', 'Hot water kettle', 'Coffee maker: french press, Nespresso', 'Wine glasses', 'Toaster', 'Dining table', 'Coffee', 'Paid parking garage off premises', 'Luggage dropoff allowed', 'Long term stays allowed']",N/A
https://www.airbnb.com/rooms/799854263246019153,"₴19,779 for 5 nights, originally ₴30,484",KH’s Brand New Spacious Studio,"Enjoy our brand new spacious studio  located in the heart of Prague. Our studio is newly rebuilt and newly refurbished. It is also fully equipped. The location of our Airbnb is truly superior. We are walking distance to most of Prague’s main tourist attractions.<br /><br /><b>The space</b><br />Our studio is brand new so you can expect the highest quality. <br />The studio is spacious and we believe that it has everything that you may need for your perfect stay. <br />The studio has a bathroom, toilet with a sink, spacious kitchen connected to the living room. After your long day of exploring Prague you will be pleased with our large and comfy king size bed. If you still need to have a work done, you can use our small working space. <br />From our studio you can directly access a private patio where you can relax.<br /><br /><b>Guest access</b><br />The studio is all yours. It’s not shared with anyone.<br /><br /><b>Other things to note</b><br />City of Prague has a obligatory city tax of 2€/per person/per night. <br />This city tax excludes people that have a permanent residency in Prague and youth (under 18). <br />I will send you a payment information in advance.<br />If you are interested in an airport pickup we can provide it to you for additional 50 €. Please inform us in advance.<br />The price includes accommodation for up to 3 guests. For each additional guest, there is an extra charge of 530 CZK per night. This fee is automatically applied by the platform when selecting the number of guests during booking.","Entire rental unit in Prague 8, Czechia","['3 guests', '1 bedroom', '1 bed', '1.5 baths']","['Garden view', 'Hair dryer', 'Cleaning products', 'Botanica shampoo', 'Botanica conditioner', 'Botanica body soap', 'Hot water', 'Shower gel', 'Free washer – In unit', 'Essentials', 'Hangers', 'Bed linens', 'Room-darkening shades', 'Iron', 'Drying rack for clothing', 'Safe', 'Clothing storage: closet, wardrobe, and dresser', '43 inch HDTV with Netflix', 'Portable fans', 'Central heating', 'Smoke alarm', 'Carbon monoxide alarm', 'Fire extinguisher', 'Fast wifi – 62 Mbps', 'Dedicated workspace', 'Kitchen', 'Bosch refrigerator', 'Microwave', 'Cooking basics', 'Dishes and silverware', 'Freezer', 'Dishwasher', 'Bosch induction stove', 'Bosch single oven', 'Hot water kettle', 'Coffee maker: Nespresso', 'Wine glasses', 'Toaster', 'Dining table', 'Coffee', 'Private patio or balcony', 'Paid parking on premises', 'Single level home', 'Pets allowed', 'Long term stays allowed', 'Self check-in', 'Keypad', 'Cleaning available during stay']","['Rated 5.0 out of 5 stars for cleanliness', 'Rated 5.0 out of 5 stars for accuracy', 'Rated 5.0 out of 5 stars for check-in', 'Rated 5.0 out of 5 stars for communication', 'Rated 4.9 out of 5 stars for location', 'Rated 4.9 out of 5 stars for value']"
https://www.airbnb.com/rooms/2006767,"₴14,704 for 5 nights, originally ₴21,747",Van Gogh's apartment in the center,"Bright apartment with separate bedroom and great location is ideal for friends or family up to 3 people. The apartment is well equipped and has everything for your comfortable stay: smart TV, washing machine, stove and oven, safe and etc.<br />The building has a courtyard with a fountain and benches.<br />You will enjoy easy walking distance to everything from this central location. Tram station and metro are in few minutes by walk from where you can go anywhere in beautiful Prague.<br /><br /><b>The space</b><br />Apartment is equipped with everything necessary for your comfortable stay.<br /><br />Bright separate bedroom with: <br />- double comfortable bed – 160x200 cm  <br />- 2 bedside tables<br />- 2 bedside lamps<br />- wardrobe <br />- fresh bed linen <br /> <br />In the living room there are: <br />- comfy sofa 140x200 cm<br />- smart TV <br />- table with office chair<br /> <br />Fully equipped kitchen, complete with modern appliances: <br />- stove and oven <br />- microwave <br />- fridge <br />- kitchen table<br />- kitchenware (as spoons, forks, knives, cups, dishes, pans, glasses etc.) <br />tea, coffee, sugar and salt <br /> <br />Pristine bathroom, stocked with: <br />- washing machine <br />- bidet <br />- hair dryer <br />- shampoo <br />- soap <br />- toilet paper <br />- fluffy towels for your comfort<br /><br />Fully equipped kitchen, complete with modern appliances and ample space for culinary adventures will allow you to whip up gourmet meals and enjoy a cozy night in. <br />Stay connected and productive with high-speed Wi-Fi throughout the apartment, perfect for remote work or streaming your favourite shows. <br />Whether you're traveling for business or leisure, our apartment provides the perfect blend of sophistication and functionality for an unforgettable stay.<br /><br /><b>Guest access</b><br />Please feel free to use everything you will find in the apartment.<br /><br />You will also have access to:<br />- unlimited Wi-Fi;<br />- fresh towels and bed linen;<br />- hair dryer;<br />- crockery and cutlery;<br />- iron and ironing board;<br />- smart TV;<br />- washing machine;<br />- baby cot (on request);<br />- tea, coffee, sugar, salt and whatever you will find in the kitchen cabinet;<br />- recommendations and support from us during your stay.<br /><br /><b>Other things to note</b><br />Rest assured, your safety and well-being are our top priorities. We adhere to rigorous cleaning protocols to ensure a pristine and hygienic environment for every guest. <br /><br />We respect our neighbours, so we kindly ask you not to have noisy parties after 10 pm. <br /><br />Smoking is not allowed in the apartments.<br /><br />In addition, we can provide you with a baby cot upon request (10 euro/night).","Entire rental unit in Prague, Czechia","['3 guests', '1 bedroom', '2 beds', '1 bath']","['Hair dryer', 'Shampoo', 'Body soap', 'Bidet', 'Hot water', 'Shower gel', 'Free washer – In unit', 'Essentials', 'Hangers', 'Bed linens', 'Extra pillows and blankets', 'Iron', 'Drying rack for clothing', 'Safe', 'Clothing storage: closet', 'Ethernet connection', 'TV with standard cable', 'Crib - available upon request', 'Pack ’n play/Travel crib - available upon request', 'High chair - available upon request', 'Portable fans', 'Heating', 'Smoke alarm', 'Carbon monoxide alarm', 'Wifi', 'Dedicated workspace', 'Kitchen', 'Refrigerator', 'Microwave', 'Cooking basics', 'Dishes and silverware', 'Mini fridge', 'Freezer', 'Electric stove', 'Oven', 'Hot water kettle', 'Coffee maker', 'Wine glasses', 'Toaster', 'Baking sheet', 'Dining table', 'Coffee', 'Backyard', 'Elevator', 'Paid street parking off premises', 'Pets allowed', 'Luggage dropoff allowed', 'Long term stays allowed', 'Self check-in', 'Lockbox']","['Rated 4.7 out of 5 stars for cleanliness', 'Rated 4.8 out of 5 stars for accuracy', 'Rated 4.8 out of 5 stars for check-in', 'Rated 4.8 out of 5 stars for communication', 'Rated 4.7 out of 5 stars for location', 'Rated 4.7 out of 5 stars for value']"
https://www.airbnb.com/rooms/1655838219126579244,"₴31,756 for 5 nights",Place of Grace - Bright Attic Loft in Old Town,"Experience Prague from this elegant and spacious city center apartment located in a distinctive courtyard residence on Lodecká Street. Designed with comfort and simplicity in mind, the apartment offers a bright living space, generous bedroom, modern kitchen, refined bathroom, and a  workspace. comfort of a stationary A/С system Tucked away in a peaceful setting yet close to everything, guests will also find a Michelin-recognized restaurant offering a special discount exclusively for our guests.<br /><br /><b>The space</b><br />Step into a truly unique Prague experience — a beautifully designed attic loft where historic charm meets modern comfort.<br />Located in a quiet courtyard at Lodecká , this apartment offers a rare combination of privacy and central location. Just minutes from Prague’s main attractions, yet tucked away from the шум города, it’s the perfect balance for both relaxation and exploration.<br />The space is defined by its stunning exposed wooden beams, high vaulted ceilings, and warm natural materials that create an inviting and cozy atmosphere. The open-plan living area with 2 sofa beds features a comfortable lounge, a stylish dining space, and a fully equipped kitchen — ideal for both short and longer stays.<br />The loft sleeping area adds a touch of character and uniqueness, while the elegant bathroom with a freestanding bathtub provides a boutique hotel feel.<br />✨ What makes this place special:<br />- Сomfort of a stationary A/С  system<br />-  Authentic attic architecture with original wooden beams<br />- Thoughtfully curated design with warm, natural tones<br />- Spacious and airy layout with high ceilings<br />- Quiet inner courtyard location<br />- Fully equipped kitchen and comfortable living area<br />- Unique loft sleeping space<br />- Elegant bathroom with a freestanding tub<br />Whether you’re visiting Prague for a romantic getaway, a city break, or a longer stay, this apartment offers a memorable and stylish retreat.","Entire rental unit in Prague 1, Czechia","['6 guests', '1 bedroom', '3 beds', '1 bath']","['Bathtub', 'Hair dryer', 'Cleaning products', 'Shampoo', 'Body soap', 'Hot water', 'Washer', 'Hangers', 'Bed linens', 'Room-darkening shades', 'Iron', 'Drying rack for clothing', 'Clothing storage', 'TV', 'Pack ’n play/Travel crib', 'High chair', 'Central air conditioning', 'Portable fans', 'Heating', 'Smoke alarm', 'Fire extinguisher', 'Wifi', 'Dedicated workspace', 'Kitchen', 'Refrigerator', 'Microwave', 'Cooking basics', 'Dishes and silverware', 'Mini fridge', 'Freezer', 'Dishwasher', 'Stove', 'Oven', 'Hot water kettle', 'Coffee maker: Nespresso', 'Wine glasses', 'Toaster', 'Baking sheet', 'Dining table', 'Coffee', 'Paid parking off premises', 'Pets allowed', 'Long term stays allowed', 'Self check-in', 'Lockbox']","['Rated 5.0 out of 5 stars for cleanliness', 'Rated 5.0 out of 5 stars for accuracy', 'Rated 5.0 out of 5 stars for check-in', 'Rated 5.0 out of 5 stars for communication', 'Rated 5.0 out of 5 stars for location', 'Rated 5.0 out of 5 stars for value']"
https://www.airbnb.com/rooms/1143380024292010008,"₴16,225 for 5 nights, originally ₴22,054",Romantic apartment by the park - U7,"Unwind in comfort and style in this serene, thoughtfully designed space.<br /><br />Immerse yourself in the local vibe and discover the best of Prague 7! Nestled in the city’s trendiest neighborhood, our apartment is surrounded by vibrant cafes, restaurants, and pubs. You'll also be just steps away from the lush greenery of Letná and Stromovka parks. With the city center only three tram stops away, you’ll enjoy the perfect balance of excitement and relaxation.<br /><br /><b>The space</b><br />The apartment is situated on the 1st floor (one level above the ground floor) and includes:<br /><br />- A stylish and cozy bedroom featuring a queen-size bed and a spacious wardrobe<br />- A comfortable living area where you can unwind after a day of exploring and stream your favorite Netflix shows<br />- A large bathroom equipped with a shower, toilet, and bidet<br />- A fully equipped kitchen with all the essential amenities for cooking at home<br /><br />Whether you're here to explore, relax, or both, this space is your perfect Prague retreat.<br /><br />The apartment has all the essential amenities to ensure a comfortable stay for you.<br />~> Coffee machine (Dolce gusto) CAPSULES ARE NOT PROVIDED<br />~> Kettle<br />~> Toaster<br />~> Electric oven <br />~> Different dishes, pots, cups, glasses<br />~> Citrus squeezer<br />~> Iron and ironing board <br />~> Hair dryer<br />~> Free usage of instant coffee powder, herbal teas, sugar, salt, etc.<br />~> Washing machine (LAUNDRY GEL IS NOT PROVIDED)<br />~> Baby high chair on request<br />~> Baby crib on request<br /><br />Our apartment was designed by a professional architect and tested for comfort by experienced travelers for over 20 years.<br /><br /><b>Guest access</b><br />You will have full access to the house. Your preferences are important to us and we are committed to making sure you have a wonderful experience. Please don't hesitate to contact me if you need anything during your stay.<br /><br /><b>Other things to note</b><br />House Rules & Important Information<br /><br />Our apartment is regularly maintained and cleaned to high standards.<br />Please help us keep it that way by maintaining order during your stay and reporting any issues or concerns you may experience.<br /><br />🚫 Please avoid bringing food or dirty items into the bed area.<br />Excessive stains or damage to bed linens and towels may result in an extra cleaning fee.<br /><br />🔇 Be respectful of neighbors.<br />Avoid loud noise, unruly behavior, or disturbances, especially in shared spaces.<br /><br />👥 Guest Policy:<br />The apartment has a strict maximum occupancy limit.<br />Visitors are welcome, but overnight stays by unregistered guests are not allowed.<br /><br />🚨 Strict Rules (Penalty: €100 for violations)<br /><br />- Quiet hours after 10:00 PM<br />- No smoking<br />- No parties or events inside the unit<br /><br />💰 Tourist Tax Notice:<br />A compulsory city tax of 50 CZK per person per night must be paid by guests upon arrival.","Entire rental unit in Prague 7, Czechia","['4 guests', '1 bedroom', '2 beds', '1 bath']","['Hair dryer', 'Cleaning products', 'Shampoo', 'Body soap', 'Bidet', 'Hot water', 'Shower gel', 'Free washer – In unit', 'Essentials', 'Hangers', 'Bed linens', 'Extra pillows and blankets', 'Iron', 'Drying rack for clothing', 'Clothing storage: wardrobe', '40 inch HDTV', 'Crib - available upon request', 'High chair - available upon request', 'Portable fans', 'Central heating', 'Smoke alarm', 'Carbon monoxide alarm', 'Wifi', 'Dedicated workspace', 'Kitchen', 'Refrigerator', 'Cooking basics', 'Dishes and silverware', 'Freezer', 'Gas stove', 'Oven', 'Hot water kettle', 'Coffee maker', 'Wine glasses', 'Dining table', 'Coffee', 'Elevator', 'Pets allowed', 'Luggage dropoff allowed', 'Long term stays allowed']","['Rated 4.8 out of 5 stars for cleanliness', 'Rated 4.8 out of 5 stars for accuracy', 'Rated 4.7 out of 5 stars for check-in', 'Rated 4.9 out of 5 stars for communication', 'Rated 4.9 out of 5 stars for location', 'Rated 4.8 out of 5 stars for value']"
https://www.airbnb.com/rooms/1682046296228747091,"₴17,696 for 5 nights","Smart Tiny Studio in Prague 1 / Xbox, TV, Games","Modern and bright mini apartment (18 m²) in the very center of Prague, located in Soukenická street just minutes from Republic Square. Everything is within walking distance – restaurants, cafés, bars and shops are right around the corner. The apartment features 2 street-facing windows, a fully equipped kitchen, Netflix and Xbox Game Pass. The sofa bed can be expanded from 80x200 to a comfortable 160x200 cm. Newly furnished, cozy and perfect for exploring Prague.<br /><br /><b>The space</b><br />This modern, newly furnished and bright mini apartment (18 m²) is located in the heart of Prague 1, in the popular Soukenická street. Thanks to two street-facing windows, the apartment feels airy and pleasant, although guests should keep in mind its compact size. It is a perfect choice for visitors who want everything within walking distance – restaurants, cafés, bars, shops and Prague’s main attractions are just minutes away. The apartment features a sofa bed sized 80x200 cm that can easily be expanded into a comfortable 160x200 cm bed for two guests. Guests can enjoy a TV with Netflix and Xbox Game Pass, as well as board games for relaxing evenings. The fully equipped kitchen includes a microwave, dishwasher, Nespresso coffee machine, electric kettle, toaster and all basic cooking essentials. There is also a dining table with two comfortable armchairs. The bathroom is equipped with a shower, toilet and sink.<br /><br /><b>Guest access</b><br />Guests have access to the entire private apartment, including a private bathroom, ensuring maximum comfort and privacy throughout the stay. Access to both the building and the apartment is fully self-service via access codes, making check-in simple and convenient without the need for physical keys or in-person key handover.<br /><br /><b>Other things to note</b><br />Arrival Form<br /><br />After booking, we will send you a form for online check-in. You are legally required to fill out this form. We must report every guest to the local authorities, pay fees, or report foreign guests to the foreign police, just like hotels and guesthouses do.<br /><br />Check-in<br /><br />Check-in is possible from 3:00 PM. If you plan to arrive earlier, please let us know at least a day in advance, and we will try to arrange for the apartment to be cleaned earlier. However, this depends on several factors, and we cannot guarantee that we will always be able to accommodate your request. We always strive to meet our guests' needs as much as possible. The day before your arrival, we will send you instructions on how to access the apartment.<br /><br />Quiet Hours<br /><br />Please observe the quiet hours ordinance from 10:00 PM to 8:00 AM and treat the house with respect, not only towards our property but also towards the neighbors.","Entire rental unit in Prague 1, Czechia","['2 guests', 'Studio', '1 bed', '1 bath']","['Hair dryer', 'Cleaning products', 'Shampoo', 'Conditioner', 'Body soap', 'Hot water', 'Shower gel', 'Essentials', 'Bed linens', 'Room-darkening shades', 'Iron', 'Clothing storage: closet', 'TV', 'Game console: Xbox One', 'Books and reading material', 'Board games', 'Central heating', 'Wifi', 'Dedicated workspace', 'Kitchen', 'Refrigerator', 'Microwave', 'Cooking basics', 'Dishes and silverware', 'Freezer', 'Dishwasher', 'Other electric stove', 'Hot water kettle', 'Coffee maker: french press, Nespresso', 'Wine glasses', 'Toaster', 'Dining table', 'Coffee', 'Elevator', 'Pets allowed', 'Luggage dropoff allowed', 'Long term stays allowed', 'Self check-in', 'Smart lock']",N/A
https://www.airbnb.com/rooms/1682099608657689551,"₴23,762 for 5 nights",Bright 2BDR Apt near Prague Center (Bal6),"Stay in a spacious 2BDR apartment located in one of Prague’s best addresses — Vinohrady. The apartment combines clean modern design, original parquet floors, and generous open spaces with plenty of daylight throughout the day. Two comfortable bedrooms, a large living area, and a fully equipped kitchen make it ideal for up to 6 guests. Walk to popular cafés, restaurants, local bakeries, parks, and public transport, while the city center is only minutes away.","Entire rental unit in Prague 2, Czechia","['6 guests', '2 bedrooms', '3 beds', '1 bath']","['Bathtub', 'Hair dryer', 'Shampoo', 'Body soap', 'Hot water', 'Shower gel', 'Essentials', 'Bed linens', 'Iron', 'Drying rack for clothing', 'Clothing storage', 'TV', 'Portable fans', 'Heating', 'Wifi', 'Kitchen', 'Refrigerator', 'Microwave', 'Cooking basics', 'Dishes and silverware', 'Dishwasher', 'Stove', 'Oven', 'Hot water kettle', 'Coffee maker: french press', 'Wine glasses', 'Toaster', 'Dining table', 'Coffee', 'Patio or balcony', 'Long term stays allowed', 'Self check-in', 'Lockbox']",N/A
https://www.airbnb.com/rooms/1635615017333004114,"₴20,848 for 5 nights, originally ₴24,866",Place of Grace - Angel 1 min to subway.,"Welcome to a beautifully renovated designer apartment with a bright interior, large windows, and warm natural materials.<br /><br />The apartment features a comfortable queen-size bed, a cozy living area with a sofa and Smart TV, a fully equipped kitchen with a dining space, and a modern bathroom with a walk-in shower.<br /><br />Perfect for couples and families, offering a stylish and comfortable base for exploring Prague and enjoying the city’s atmosphere. ✨<br /><br /><b>The space</b><br />The space is bright and welcoming, featuring large windows, warm natural materials, and carefully selected furnishings that create a calm and relaxing atmosphere.<br />The apartment offers a comfortable queen-size bed, a cozy living area with a sofa and Smart TV, and a fully equipped kitchen with a dining space, perfect for enjoying breakfast or a quiet evening after exploring the city.<br />The modern bathroom with a spacious walk-in shower is finished with high-quality materials and stylish details.<br />Thoughtfully designed for comfort and convenience, the apartment is an ideal base for couples, solo travelers, or business guests looking to enjoy Prague while staying in a stylish and comfortable home. ✨","Entire rental unit in Prague 5, Czechia","['4 guests', '1 bedroom', '2 beds', '1 bath']","['Hair dryer', 'Cleaning products', 'Shampoo', 'Body soap', 'Hot water', 'Washer', 'Essentials', 'Hangers', 'Bed linens', 'Extra pillows and blankets', 'Room-darkening shades', 'Iron', 'Drying rack for clothing', 'Clothing storage: closet', 'TV', 'Pack ’n play/Travel crib - available upon request', 'Folding or convertible high chair - available upon request', 'Air conditioning', 'Portable fans', 'Central heating', 'Smoke alarm', 'Fire extinguisher', 'Wifi', 'Kitchen', 'Microwave', 'Cooking basics', 'Dishes and silverware', 'Mini fridge', 'Freezer', 'Dishwasher', 'Other stove', 'Hot water kettle', 'Coffee maker: Nespresso', 'Wine glasses', 'Toaster', 'Dining table', 'Coffee', 'Paid parking garage off premises', 'Pets allowed', 'Long term stays allowed']","['Rated 5.0 out of 5 stars for cleanliness', 'Rated 5.0 out of 5 stars for accuracy', 'Rated 5.0 out of 5 stars for check-in', 'Rated 5.0 out of 5 stars for communication', 'Rated 4.9 out of 5 stars for location', 'Rated 5.0 out of 5 stars for value']"
https://www.airbnb.com/rooms/1664353318895389798,"₴56,945 for 5 nights","Old Town Rooftop Apartment, Charles Bridge View","Experience Prague from above in this rooftop loft on historic Karlova Street, just steps from Charles Bridge. <br /><br />The open-plan living area sleeps 5 (2 king beds + 1 single), plus a separate bedroom sleeping 3 (1 king bed + 1 single), ideal for groups of up to 8. <br /><br />Fully equipped kitchen, dining area, Wi-Fi, and AC included. <br /><br />The highlight: a large private rooftop terrace with direct Charles Bridge views, perfect for morning coffee or evening drinks.<br /><br />Please note: 4th floor, no elevator.<br /><br /><b>Other things to note</b><br />Please be aware of the following before booking:<br /><br />Building Access: This is a rooftop apartment located on the 4th floor of a historic building.<br />No Elevator: Access to the apartment is by stairs only. There is no elevator available in the building. This may not be suitable for guests with mobility concerns or heavy luggage.","Entire rental unit in Prague 1, Czechia","['8 guests', '1 bedroom', '5 beds', '1 bath']","['Hair dryer', 'Hot water', 'Washer', 'Essentials', 'Hangers', 'Bed linens', 'Drying rack for clothing', 'Books and reading material', 'Board games', 'Air conditioning', 'Central heating', 'Wifi', 'Kitchen', 'Refrigerator', 'Microwave', 'Cooking basics', 'Dishes and silverware', 'Freezer', 'Dishwasher', 'Other stove', 'Oven', 'Hot water kettle', 'Wine glasses', 'Toaster', 'Blender', 'Dining table', 'Private patio or balcony', 'Outdoor furniture']",N/A
https://www.airbnb.com/rooms/1562317591275269955,"₴23,037 for 5 nights, originally ₴31,130",Dwellfort | Modern Apartment in a Fabulous Area,"Apartment is located in a beautiful building with top-tier security, this spacious apartment is just a short walk from the historic City Centre. It comfortably accommodates up to 4 guests, featuring a Queen Sized Bed and a Double Sofa Bed.<br /><br />Tastefully furnished and equipped for both short and long-term stays, the apartment offers all modern comforts, including a Smart TV, high-speed WiFi, and a fully equipped kitchen.<br /><br /><b>The space</b><br />You'll have exclusive access to the entire apartment, ensuring complete privacy throughout your stay.<br /><br />This beautifully designed, spacious apartment is situated in a newly renovated building, just a short walk from the City Centre. It's an ideal choice for families, couples, groups of friends, or business travellers.<br /><br />The apartment features fully equipped kitchen, a bathroom with a shower and toilet. It comfortably accommodates up to 4 guests, ensuring a relaxing and convenient stay.<br /><br />SLEEPING ARRANGEMENT<br /><br />Bedroom<br />- 1 Queen Sized Bed<br />- 1 Double Sofa Bed<br /><br />For a truly restful night, it features premium bed, luxurious mattress, and blackout curtains.<br /><br />LOCATION<br /><br />The area surrounding the residence remains exceptionally quiet, offering a peaceful atmosphere. The neighbourhood is quiet yet vibrant, offering a fantastic selection of restaurants with diverse cuisines, as well as lively bars. Walking distance to main attractions in Prague.<br /><br /><b>Guest access</b><br />Smart Check-in - from 15:00. You can check in seamlessly at any time after 15:00 using the unique code provided.<br /><br />- Smart lock with digital PIN access code for self-check-in and check-out.<br />- I always try to have the apartment ready as early as possible, and if you require an early check-in, I will do my best to accommodate your request, depending on availability.<br /><br />Smart Check-out - until 11:00. <br />- Leave the keys on the kitchen table and shut the door.<br />- Late check-out is available for free upon availability. Please contact me 24 hours in advance. <br /><br />CHILDREN POLICY<br /><br />Children of all ages are warmly welcomed. I offer the following amenities free of charge to make your stay more comfortable:<br />- Baby cot<br />- High chair<br /><br />Please kindly request these items at least 24 hours in advance.<br /><br />CLEANING POLICY<br /><br />My professional cleaning service will ensure the apartment is thoroughly cleaned before your arrival and after your departure, so you won't need to worry about cleaning anything upon leaving.<br /><br />For stays of over five nights, I offer a complimentary cleaning service along with a change of linens and towels every 5 nights. Please request this service at least 24 hours in advance.<br />If you require additional cleaning or a change of linens and towels, this can be arranged for a surcharge.<br /><br />APARTMENT AMENITIES<br /><br />- Smart TV<br />- Cable TV<br />- High-speed Wi-Fi<br />- Fully equipped kitchen<br />- Induction cooktop<br />- Dishwasher<br />- Fridge and freezer<br />- Electric kettle<br />- Microwave<br />- Toaster<br />- Coffee maker<br />- Pots, pans, and kitchenware<br />- Utensils<br />- Iron and ironing board<br />- Hairdryer<br />- Fresh towels, bed linens, pillows, and duvets<br />- Washing machine and drier is located in the laundry room for a surcharge 2 EUR each<br />- A selection of tea and coffee<br />- Sugar, salt, pepper, seasoning, and sunflower oil<br />- Soap and dishwashing detergent<br />- Shampoo and shower gel<br />- Toilet paper<br /><br /><b>Other things to note</b><br />Neighbourhood is quiet and at the same time full of great restaurants of various cuisine and bars. You can try Czech, Italian, Spanish, Mexican, Japanese cuisines in the vicinity.<br /><br />Private parking is available for 17-25 EUR/24 Hours at location nearby. Once the booking is confirmed, you will receive a detailed instructions from me.<br /><br />The apartment is equipped with a Smart Lock, enabling you to check in effortlessly at any time after the designated check-in hour using a unique code that I will provide prior to your arrival.<br /><br />For your convenience, I can arrange a private airport transfer, and I will provide rates after your booking confirmation. If you’re interested in tours, I can recommend the best excursions in Prague and the Czech Republic through a reputable travel agency.<br /><br />City tax 50CZK/2EUR per person per night is payable in cash upon arrival.<br /><br />Valid government ID of all guests over 18 years old is required for online check-in. Link will be sent to you, where you will upload your IDs for verification. Apartment could be accessed only upon completion of online check-in. Once all guest information required by Czech law is submitted, the apartment access codes will be sent to you 1 day before your arrival.<br /><br />Please note that some of the apartments in the building are undergoing minor renovation as well as modernisation of the elevator, and there may be slight noise between 9AM and 17PM.<br /><br />House rules:<br />No Smoking Policy – Smoking indoors is forbidden. A fee of €200 will be charged to cover professional ozone cleaning if smoking occurs inside the apartment.","Entire rental unit in Prague 3, Czechia","['4 guests', 'Studio', '2 beds', '1 bath']","['Hair dryer', 'Shampoo', 'Body soap', 'Hot water', 'Shower gel', 'Paid washer – In building', 'Essentials', 'Hangers', 'Bed linens', 'Iron', 'Drying rack for clothing', 'Clothing storage', 'Ethernet connection', 'TV', 'Crib', 'Air conditioning', 'Heating', 'Smoke alarm', 'Carbon monoxide alarm', 'Wifi', 'Dedicated workspace', 'Kitchen', 'Refrigerator', 'Microwave', 'Cooking basics', 'Dishes and silverware', 'Freezer', 'Dishwasher', 'Stove', 'Hot water kettle', 'Coffee maker', 'Wine glasses', 'Toaster', 'Dining table', 'Coffee', 'Elevator', 'Paid parking off premises', 'Long term stays allowed', 'Self check-in', 'Smart lock']","['Rated 4.9 out of 5 stars for cleanliness', 'Rated 4.8 out of 5 stars for accuracy', 'Rated 4.9 out of 5 stars for check-in', 'Rated 4.9 out of 5 stars for communication', 'Rated 4.6 out of 5 stars for location', 'Rated 4.8 out of 5 stars for value']"
https://www.airbnb.com/rooms/1587068548772430668,"₴26,941 for 5 nights",Modern and Quiet Apart in the Old Town | 60sqm,"Peaceful home in The Old Town, tucked away on a quiet courtyard just steps from the city's most beautiful streets, designed with love for comfort and ease of living :)<br /><br />- good accessibility to metro and trams<br />- Old Town Square - 6 minutes<br />- 2nd floor with elevator<br />- Fast WiFi<br />- coffee machine<br />- TV (Netflix, Amazon Prime, etc.)<br />- Washing machine<br />- dishwasher<br />- small self-serve breakfast<br />- Separate bedroom, fully equipped kitchen with lounge zone and dining area, and a bathroom with shower<br /><br /><b>The space</b><br />All you need to bring is your toothbrush and a good mood - everything else is ready for you :)<br /><br />🚭 Please note:<br />- No parties<br />- No pets<br />- No smoking inside the apartment<br /><br />This two-bedroom apartment is designed for comfort, calm, and a little touch of everyday joy.<br /><br />The space includes:<br />- a queen-size bed (160×200) in the main bedroom and (160x200) convertible sofa-bed in the living room with soft linens and room-darkening curtains - perfect for light sleepers and slow mornings<br />- bathroom is accessible from the main area <br />- windows facing a peaceful inner street, ensuring quiet nights even in the city center<br />- a fully equipped kitchen with dining area: dishwasher, stove, fridge, microwave, espresso machine (with provided), kettle, toaster, utensils, salt, pepper, oil, sugar, tea & more<br />- free self-serve breakfast: two types of cereals, coffee (real coffee beans & instant), and a variety of teas<br />- TV is available to use your own subscriptions (Netflix, YouTube, HBO, and others)<br />- bluetooth speaker to set your mood<br />- washing machine - detergent and drying rack included<br />- a set of towels, bed linens, shampoo, shower gel, and thoughtful extras - all included in the price<br />- hairdryer, iron, ironing board, drying rack for clothes<br /><br />Whether you're here for a weekend getaway, a work trip, or a slow escape into the beauty of Prague - this home is meant to feel like your own.<br /><br /><b>Guest access</b><br />The entire apartment will be exclusively yours - no shared spaces.<br /><br />Parking:<br />- Parking garage Rudolfinum<br />Alšovo nábř. 110/00<br />- closest mr.Parkit garage <br />Soukenická 25<br />- Palladium Parking (there is fast access by bus #194 or 7 minutes by foot to the apartment) <br />Náměstí Republiky, 110 00 Nové Město<br /><br />If you’d like help choosing the most convenient or budget-friendly option, feel free to contact me - I’ll be happy to assist.<br /><br />Tip: Booking your parking spot in advance is highly recommended to ensure availability and secure a better rate.<br /><br /><b>Other things to note</b><br />GOOD TO KNOW<br /><br />Our building is located a step away from Prague’s magical Old Town. This area is a UNESCO-protected area. It makes the apartment an ideal base for exploring the city entirely on foot, without needing public transport.<br />As part of heritage preservation, it is not allowed to modify the building’s exterior to save its authentic look and atmosphere, so there is no air conditioning. However, fans are provided for your comfort and convenience.<br /><br />Prague is known as one of the most beautiful and safest cities in the world. You’ll feel relaxed and welcome here. Just a couple of tips to help you enjoy your stay:<br />✔️  Currency:<br />The Czech Republic uses Czech crowns (CZK). Please avoid changing money on the street or at exchange offices without asking about commission - some charge up to 20%.<br />Safer options: withdraw directly from an ATM or pay by card in most places.<br />✔️  Taxis:<br />It’s best to avoid hailing taxis on the street (especially yellow ones), as they are often overpriced.<br />Recommended: Instead, use the Uber or Bolt apps. These allow even cash payments if selected in the app settings.<br />✔️  Legal Notice:<br />In accordance with Czech legislation, all accommodation providers are obliged to report non-Czech guests to the Foreign Police. For this reason, all guests (including Czech citizens) must fill out a brief registration form at check-in.<br />This form also serves as an official guest book required by the City Hall. Your information will be used strictly for legal compliance and handled confidentially.<br />✔️  City Tax:<br />A local tax of 50 CZK (or €2.50) per adult per night is required and not included in your Airbnb payment and will be collected separately.<br />This fee is set by Czech law: Act No. 565/1990 Coll., and local decree No. 27/2003 Coll.","Entire condo in Prague 1, Czechia","['4 guests', '1 bedroom', '2 beds', '1 bath']","['Hair dryer', 'Cleaning products', 'Garnier  shampoo', 'Garnier  conditioner', ""L'Oréal / Isana body soap"", 'Hot water', 'Shower gel', 'Free washer – In unit', 'Essentials', 'Hangers', 'Bed linens', 'Extra pillows and blankets', 'Room-darkening shades', 'Iron', 'Drying rack for clothing', 'Clothing storage: dresser', '47 inch HDTV with Amazon Prime Video, Disney+, Netflix, HBO Max, Apple TV, Chromecast', 'Bluetooth sound system', 'Books and reading material', 'Heating - split type ductless system', 'First aid kit', 'Fast wifi – 63 Mbps', 'Dedicated workspace', 'Kitchen', 'Refrigerator', 'Microwave', 'Cooking basics', 'Dishes and silverware', 'Freezer', 'Dishwasher', 'Induction stove', 'Hot water kettle', 'Coffee maker: espresso machine', 'Wine glasses', 'Toaster', 'Dining table', 'Coffee', 'Laundromat nearby', 'Elevator', 'Breakfast', 'Self check-in', 'Lockbox']","['Rated 4.9 out of 5 stars for cleanliness', 'Rated 4.9 out of 5 stars for accuracy', 'Rated 5.0 out of 5 stars for check-in', 'Rated 5.0 out of 5 stars for communication', 'Rated 5.0 out of 5 stars for location', 'Rated 4.8 out of 5 stars for value']"
https://www.airbnb.com/rooms/584359518463727324,"₴22,236 for 5 nights, originally ₴30,048",Dwellfort | Luxury Apartment in a Vibrant District,"Apartment is located in a luxurious, fully reconstructed building with an elevator, and top-tier security, this spacious apartment is just a short walk from the historic City Centre. It comfortably accommodates up to 4 guests, featuring a Queen Sized Bed and a Double Sofa Bed. <br /><br />Tastefully furnished and equipped for both short and long-term stays, the apartment offers all modern comforts, including a Smart TV, high-speed WiFi, and a fully equipped kitchen.<br /><br /><b>The space</b><br />You'll have exclusive access to the entire apartment, ensuring complete privacy throughout your stay.<br /><br />This beautifully designed, spacious apartment is situated in a newly renovated building, just a short walk from the City Centre. It's an ideal choice for families, couples, groups of friends, or business travellers.<br /><br />The apartment features one bedroom and a fully equipped kitchen, a bathroom with a shower and toilet. It comfortably accommodates up to 4 guests, ensuring a relaxing and convenient stay.<br /><br />SLEEPING ARRANGEMENT<br /><br />Bedroom<br />- 1 Queen Sized Bed<br />- 1 Double Sofa Bed<br /><br />For a truly restful night, it features premium bed, luxurious mattress, and blackout curtains.<br /><br />LOCATION<br /><br />The area surrounding the residence remains exceptionally quiet, offering a peaceful atmosphere. The neighbourhood is quiet yet vibrant, offering a fantastic selection of restaurants with diverse cuisines, as well as lively bars. Walking distance to main attractions in Prague.<br /><br /><b>Guest access</b><br />Smart Check-in - from 15:00. You can check in seamlessly at any time after 15:00 using the unique code provided.<br /><br />- Smart lock with digital PIN access code for self-check-in and check-out.<br />- I always try to have the apartment ready as early as possible, and if you require an early check-in, I will do my best to accommodate your request, depending on availability.<br /><br />Smart Check-out - until 11:00. <br />- Leave the keys on the kitchen table and shut the door.<br />- Late check-out is available for free upon availability. Please contact me 24 hours in advance. <br /><br />CHILDREN POLICY<br /><br />Children of all ages are warmly welcomed. I offer the following amenities free of charge to make your stay more comfortable:<br />- Baby cot<br />- High chair<br /><br />Please kindly request these items at least 24 hours in advance.<br /><br />CLEANING POLICY<br /><br />My professional cleaning service will ensure the apartment is thoroughly cleaned before your arrival and after your departure, so you won't need to worry about cleaning anything upon leaving.<br /><br />For stays of over five nights, I offer a complimentary cleaning service along with a change of linens and towels every 5 nights. Please request this service at least 24 hours in advance.<br />If you require additional cleaning or a change of linens and towels, this can be arranged for a surcharge.<br /><br />APARTMENT AMENITIES<br /><br />- Smart TV<br />- Cable TV<br />- High-speed Wi-Fi<br />- Fully equipped kitchen<br />- Induction cooktop<br />- Dishwasher<br />- Fridge and freezer<br />- Electric kettle<br />- Microwave<br />- Toaster<br />- Coffee maker<br />- Pots, pans, and kitchenware<br />- Utensils<br />- Iron and ironing board<br />- Hairdryer<br />- Fresh towels, bed linens, pillows, and duvets<br />- Washing machine<br />- A selection of tea and coffee<br />- Sugar, salt, pepper, seasoning, and sunflower oil<br />- Soap and dishwashing detergent<br />- Shampoo and shower gel<br />- Toilet paper<br /><br /><b>Other things to note</b><br />Neighbourhood is quiet and at the same time full of great restaurants of various cuisine and bars. You can try Czech, Italian, Spanish, Mexican, Japanese cuisines in the vicinity.<br />My professional cleaning service will ensure the apartment is thoroughly cleaned before your arrival and after your departure so you don't have to clean anything. High quality cotton linen is washed by the professional laundry company.<br /><br />Private parking is available for 17-25 EUR/24 Hours at location nearby. Once the booking is confirmed, you will receive a detailed instructions from me. <br /><br />The apartment is equipped with a Smart Lock, enabling you to check in effortlessly at any time after the designated check-in hour using a unique code that I will provide prior to your arrival.<br /><br />For your convenience, I can arrange a private airport transfer, and I will provide rates after your booking confirmation. If you’re interested in tours, I can recommend the best excursions in Prague and the Czech Republic through a reputable travel agency.<br /><br />City tax 50CZK/2EUR per person per night is payable in cash upon arrival.<br /><br />Valid government ID of all guests over 18 years old is required for online check-in. Link will be sent to you, where you will upload your IDs for verification. Apartment could be accessed only upon completion of online check-in. Once all guest information required by Czech law is submitted, the apartment access codes will be sent to you 1 day before your arrival.<br /><br />House rules:<br />No Smoking Policy – Smoking indoors is forbidden. A fee of €200 will be charged to cover professional ozone cleaning if smoking occurs inside the apartment.","Entire rental unit in Prague 3, Czechia","['4 guests', '1 bedroom', '2 beds', '1 bath']","['Hair dryer', 'Shampoo', 'Body soap', 'Hot water', 'Shower gel', 'Washer', 'Essentials', 'Hangers', 'Bed linens', 'Room-darkening shades', 'Iron', 'Drying rack for clothing', 'Clothing storage', 'Ethernet connection', 'TV', 'Crib', 'Heating', 'Smoke alarm', 'Carbon monoxide alarm', 'Wifi', 'Kitchen', 'Refrigerator', 'Microwave', 'Cooking basics', 'Dishes and silverware', 'Freezer', 'Dishwasher', 'Stove', 'Hot water kettle', 'Coffee maker', 'Wine glasses', 'Toaster', 'Dining table', 'Coffee', 'Elevator', 'Paid parking off premises', 'Long term stays allowed', 'Self check-in', 'Smart lock']","['Rated 4.9 out of 5 stars for cleanliness', 'Rated 5.0 out of 5 stars for accuracy', 'Rated 5.0 out of 5 stars for check-in', 'Rated 5.0 out of 5 stars for communication', 'Rated 4.9 out of 5 stars for location', 'Rated 4.8 out of 5 stars for value']"
https://www.airbnb.com/rooms/1403837788865307196,"₴21,713 for 5 nights, originally ₴28,148",Wenceslas Square | New apartment,"Don't just stay in Prague, live in Prague! Experience city life in brand new apartment at the heart of center. All main historical and cultural attractions, cafes, restaurants and shopping are just outside:<br /><br />➤ 1 min walk: Wenceslas Square, National Museum<br />➤ 5 min walk: Main Train Station<br />➤ public transport: 1 min Museum metro, 4 min tram stop<br />➤ 3 min walk: National Opera House<br />➤ 15 min walk: Old Town Square (Astronomical Clock)<br /><br /><b>The space</b><br />You will be among the first guests in this brand new one bedroom apartment 37,3 m2. The apartment was refurnished in April 2025. The building was also fully renovated in 2023. <br /><br />Features: washing machine, kitchen, microwave, fridge/freezer, iron, smart TV with streaming services, wardrobe,  iron, home slippers<br /><br />Bedroom: double bed 180 x 200 cm, comfortable cotton bedding <br /><br />Living room with sofa bed: 135x195 cm double mattress<br /><br />Kitchen: equipped with all needed incl. coffee machine, complimentary Nespresso coffee/tea/candies, oil, sugar, salt, pepper, smoothie maker, toaster, fridge, freezer, dishes, cutlery, kitchen utensils. It is a self-catered accommodation, though you will be in the heart of center with everything basically around you<br /><br />Bathroom: fresh towels, hair dryer, shampoo, soap, shower gel<br /><br />Parking: <br />- reserve a garage with our discount code LUXEMI10 with Mr Parkit<br />- street parking subject to availability<br /><br />Traveling with more people? We have other apartments on the same floor.<br /><br />Check-in: from 3 PM convenient self check-in (key codes)<br />Check-out: by 11 AM<br /><br />Support: we operate fully online without reception onsite, you will receive single point of contact first class customer service; providing you with necessary help, tips of local life, and any special requests you might need. <br /><br />Services at extra fee: airport pick-up and transfers, early check-in, late check-out subject to availability, balloon/cake/flowers ready at arrival, baby travel cot, towel change, daily cleaning, additional towel set delivery after checkin<br /><br /><b>Guest access</b><br />Entire apartment<br /><br /><b>Other things to note</b><br />Online Check-in form will be sent to you prior to arrival. Your ID details are collected due to compliance purposes. As per local regulations, serviced apartments/hotels are required to record ID details with Czech foreign police.","Entire rental unit in Prague 1, Czechia","['4 guests', '1 bedroom', '2 beds', '1 bath']","['City skyline view', 'Hair dryer', 'Washer', 'Hangers', 'Bed linens', 'Iron', 'Drying rack for clothing', 'Clothing storage: wardrobe', 'TV', 'Crib', 'Paid pack ’n play/travel crib - available upon request', 'Portable fans', 'Heating', 'Exterior security cameras on property', 'Smoke alarm', 'Wifi', 'Dedicated workspace', 'Kitchen', 'Refrigerator', 'Microwave', 'Cooking basics', 'Dishes and silverware', 'Mini fridge', 'Freezer', 'Stove', 'Hot water kettle', 'Coffee maker: Nespresso', 'Toaster', 'Blender', 'Dining table', 'Coffee', 'Elevator', 'Paid parking lot off premises', 'Paid parking on premises', 'Long term stays allowed', 'Self check-in', 'Keypad']","['Rated 4.8 out of 5 stars for cleanliness', 'Rated 4.9 out of 5 stars for accuracy', 'Rated 5.0 out of 5 stars for check-in', 'Rated 4.9 out of 5 stars for communication', 'Rated 4.9 out of 5 stars for location', 'Rated 4.8 out of 5 stars for value']"
https://www.airbnb.com/rooms/1648453237373368968,"₴31,765 for 5 nights",Bright Apart in the Old Town | AC | Balcony | 60m,"Enjoy a stylish experience at this spacious centrally-located place<br /><br />- good accessibility to metro and trams<br />- Old Town Square - 7 minutes<br />- 4th floor with elevator<br />- Apartment area 60 sqm<br />- A/C<br />- Fast WiFi<br />- coffee machine<br />- TV (Netflix, Amazon Prime, etc.)<br />- Washing machine<br />- dishwasher<br />- small self-serve breakfast<br />- Separate bedroom, fully equipped kitchen, lounge room with dining area, and a bathroom with shower<br /><br /><b>The space</b><br />All you need to bring is your toothbrush and a good mood - everything else is ready for you :)<br /><br />🚭 Please note:<br />- No parties<br />- No pets<br />- No smoking inside the apartment<br /><br />This two-bedroom apartment is designed for comfort, calm, and a little touch of everyday joy. The apartment area is 60 sqm.<br /><br />The space includes:<br />- a queen-size bed (160×200) in the main bedroom and (140x200) convertible sofa-bed in the living room with soft linens and room-darkening curtains - perfect for light sleepers and slow mornings<br />- bathroom (with shower) and WC are separated, bathroom is accessible from the main area <br />- windows facing a peaceful inner street, ensuring quiet nights even in the city center<br />- a fully equipped kitchen with dining area: dishwasher, stove, fridge, microwave, espresso machine (with provided), kettle, utensils, salt, pepper, oil, sugar, tea & more<br />- free self-serve breakfast: two types of cereals, coffee (real coffee beans & instant), and a variety of teas<br />- TV is available to use your own subscriptions (Netflix, YouTube, HBO and others)<br />- bluetooth speaker to set your mood<br />- washing machine - detergent and drying rack included<br />- a set of towels, bed linens, shampoo, shower gel, and thoughtful extras - all included in the price<br />- hairdryer, iron, ironing board, drying rack for clothes<br /><br />Whether you're here for a weekend getaway, a work trip, or a slow escape into the beauty of Prague - this home is meant to feel like your own.<br /><br /><b>Guest access</b><br />The entire apartment will be exclusively yours - no shared spaces.<br /><br />Parking:<br />- Parking garage Rudolfinum<br />Alšovo nábř. 110/00<br />- closest mr.Parkit garage <br />Soukenická 25<br />- Palladium Parking (there is fast access by bus #194 or 7 minutes by foot to the apartment)<br />Náměstí Republiky, 110 00 Nové Město<br /><br />If you’d like help choosing the most convenient or budget-friendly option, feel free to contact me - I’ll be happy to assist.<br /><br />Tip: Booking your parking spot in advance is highly recommended to ensure availability and secure a better rate.<br /><br /><b>Other things to note</b><br />GOOD TO KNOW<br /><br />Our building is located a step away from Prague’s magical Old Town. This area is a UNESCO-protected area. It makes the apartment an ideal base for exploring the city entirely on foot, without needing public transport.<br /><br />Prague is known as one of the most beautiful and safest cities in the world. You’ll feel relaxed and welcome here. Just a couple of tips to help you enjoy your stay:<br />✔️  Currency:<br />The Czech Republic uses Czech crowns (CZK). Please avoid changing money on the street or at exchange offices without asking about commission - some charge up to 20%.<br />Safer options: withdraw directly from an ATM or pay by card in most places.<br />✔️  Taxis:<br />It’s best to avoid hailing taxis on the street (especially yellow ones), as they are often overpriced.<br />Recommended: Instead, use the Uber or Bolt apps. These allow even cash payments if selected in the app settings.<br />✔️  Legal Notice:<br />In accordance with Czech legislation, all accommodation providers are obliged to report non-Czech guests to the Foreign Police. For this reason, all guests (including Czech citizens) must fill out a brief registration form at check-in.<br />This form also serves as an official guest book required by the City Hall. Your information will be used strictly for legal compliance and handled confidentially.<br />✔️  City Tax:<br />A local tax of 50 CZK (or €2.50) per adult per night is required and not included in your Airbnb payment and will be collected separately.<br />This fee is set by Czech law: Act No. 565/1990 Coll., and local decree No. 27/2003 Coll.","Entire condo in Prague 1, Czechia","['4 guests', '1 bedroom', '2 beds', '1.5 baths']","['Hair dryer', 'Cleaning products', 'Shampoo', 'Conditioner', 'Body soap', 'Hot water', 'Shower gel', 'Free washer – In unit', 'Essentials', 'Hangers', 'Bed linens', 'Extra pillows and blankets', 'Room-darkening shades', 'Iron', 'Drying rack for clothing', 'Clothing storage: wardrobe and dresser', 'TV', 'Bluetooth sound system', 'Books and reading material', 'Air conditioning', 'Portable fans', 'Central heating', 'Smoke alarm', 'Fire extinguisher', 'First aid kit', 'Fast wifi – 436 Mbps', 'Dedicated workspace', 'Kitchen', 'Refrigerator', 'Microwave', 'Cooking basics', 'Dishes and silverware', 'Freezer', 'Dishwasher', 'Induction stove', 'Hot water kettle', 'Coffee maker: espresso machine', 'Wine glasses', 'Toaster', 'Dining table', 'Coffee', 'Laundromat nearby', 'Private patio or balcony', 'Outdoor furniture', 'Outdoor dining area', 'Elevator', 'Paid parking garage off premises', 'Breakfast', 'Self check-in', 'Lockbox']","['Rated 5.0 out of 5 stars for cleanliness', 'Rated 5.0 out of 5 stars for accuracy', 'Rated 5.0 out of 5 stars for check-in', 'Rated 5.0 out of 5 stars for communication', 'Rated 5.0 out of 5 stars for location', 'Rated 4.9 out of 5 stars for value']"
https://www.airbnb.com/rooms/1009135881111879564,"₴21,710 for 5 nights, originally ₴23,709",Quaint Original Loft in Center,The whole group will enjoy easy access to everything from this centrally located place.,"Entire rental unit in Prague 1, Czechia","['3 guests', '1 bedroom', '2 beds', '1 bath']","['Hair dryer', 'Cleaning products', 'Shampoo', 'Body soap', 'Hot water', 'Shower gel', 'Free washer – In unit', 'Free dryer – In unit', 'Essentials', 'Hangers', 'Bed linens', 'Extra pillows and blankets', 'Iron', 'Drying rack for clothing', 'Clothing storage', 'TV', 'Crib - available upon request', 'Pack ’n play/Travel crib', 'Babysitter recommendations', 'Portable fans', 'Radiant heating', 'Smoke alarm', 'Fire extinguisher', 'Wifi', 'Dedicated workspace', 'Kitchen', 'Refrigerator', 'Microwave', 'Cooking basics', 'Dishes and silverware', 'Freezer', 'Dishwasher', 'AEG stainless steel electric stove', 'Hot water kettle', 'Coffee maker: drip coffee maker', 'Wine glasses', 'Toaster', 'Dining table', 'Coffee', 'Laundromat nearby', 'Shared backyard – Fully fenced', 'Elevator', 'EV charger', 'Paid parking off premises', 'Long term stays allowed', 'Self check-in', 'Lockbox', 'Housekeeping available every day - available at extra cost']","['Rated 4.6 out of 5 stars for cleanliness', 'Rated 4.8 out of 5 stars for accuracy', 'Rated 4.9 out of 5 stars for check-in', 'Rated 4.9 out of 5 stars for communication', 'Rated 4.9 out of 5 stars for location', 'Rated 4.7 out of 5 stars for value']"
https://www.airbnb.com/rooms/1112431777913579737,"₴20,654 for 5 nights, originally ₴26,491",Fresh cozy apartment for 2 people,"Cozy apartment in a residential location, everything you need at your fingertips. The surroundings offer many restaurants, cafes, shops and other services. Near our apartment you can find the beautiful Havlíčkovy sady park with a view, a cinema or other activities.<br /><br />Direct tram connection to the Old Town, Prague Castle and many and many other tourist attractions.<br /><br />This apartment is located on the 3nd floor.<br /><br /><b>The space</b><br />This newly renovated and fully equipped two-room apartment with a kitchenette will easily make you feel at home. It is ideal for 2 guests.<br />● for 2 people<br />● cozy bright apartment<br />● minimalistic design with retro elements<br /><br />Living room/ kitchen:<br /><br />A comfortable sofa with a fully equipped modern kitchen unit extended by a separate work area will not prevent you from any culinary art.<br />● kitchenette with induction hob, fridge with freezer<br />● French Press<br />● combined oven with microwave oven<br />● dishwasher<br />● electric kettle<br />● tea, coffee, sugar, salt<br />● large smart TV<br />● comfortable sofa bed for 2 people<br /><br />Bedroom:<br />In addition to a very comfortable bed, our bedroom also offers storage space and a reading chair. It is also equipped with blackout curtains, which will allow you to sleep undisturbed.<br />● comfortable Double Bed<br />● storage spaces<br />● the possibility of renting a baby cot (on order before arrival)<br />● possibility of renting an ironing board + iron (on order before arrival)<br /><br />Bathroom:<br />We have a designer bathroom with a heated floor, a large mirror, a spacious shower and everything you need for your personal comfort.<br />● large shower<br />● heated floor<br />● hair dryer<br />● toiletries<br />● wall mirror with good lighting<br />● toilet<br />● towels (1 large and 1 small per person)<br /><br /><b>Guest access</b><br />The apartment is fully available to guests.<br /><br /><b>Other things to note</b><br />The apartment is located on the 3rd floor.<br /><br />● Smoking is prohibited in the apartment!<br />● It is also forbidden to make noise after 22:00.<br />● If you are interested in further information, please do not hesitate to contact me.","Entire rental unit in Prague 10, Czechia","['2 guests', '1 bedroom', '1 bed', '1 bath']","['Hair dryer', 'Cleaning products', 'Shampoo', 'Body soap', 'Hot water', 'Shower gel', 'Essentials', 'Hangers', 'Bed linens', 'Room-darkening shades', 'Iron', 'Clothing storage', 'TV', 'Pack ’n play/Travel crib - available upon request', 'Portable fans', 'Heating', 'Wifi', 'Kitchen', 'Refrigerator', 'Microwave', 'Cooking basics', 'Dishes and silverware', 'Freezer', 'Dishwasher', 'Induction stove', 'Oven', 'Hot water kettle', 'Coffee maker: french press', 'Wine glasses', 'Toaster', 'Baking sheet', 'Dining table', 'Coffee', 'Private entrance', 'Laundromat nearby', 'Long term stays allowed', 'Self check-in', 'Smart lock']","['Rated 5.0 out of 5 stars for cleanliness', 'Rated 5.0 out of 5 stars for accuracy', 'Rated 5.0 out of 5 stars for check-in', 'Rated 4.9 out of 5 stars for communication', 'Rated 4.8 out of 5 stars for location', 'Rated 4.9 out of 5 stars for value']"
https://www.airbnb.com/rooms/1238522872836039175,"₴16,822 for 5 nights, originally ₴19,600",Cozy Attic Studio 5mins to Centre (Rub9),"Welcome to our cozy attic studio, the perfect retreat for solo travelers or couples seeking a charming, intimate space. While compact, it’s thoughtfully designed with all essentials for a comfortable stay. Located within walking distance to major attractions like the National Museum, Wenceslas Square, and Old Town Square, it’s ideal for those who love cozy, minimalist living in a central location. Book your stay and enjoy the charm of this unique space!<br /><br /><b>The space</b><br />PLEASE, WHEN LEAVING THE APARTMENT, ALWAYS CLOSE THE WINDOWS!!! <br />If it is raining and the water gets inside, we will need to charge you the costs connected to the new painting / repairs!<br /><br /><b>Other things to note</b><br />Starting March 1, 2026, a local tourist tax of 50 CZK per person, per night is not included in the booking price.<br />In accordance with Czech law, all guests are also required to complete a short online registration form prior to arrival.<br />The secure online check-in and payment link will be sent to you two days before the arrival date along with the check-in instructions.<br /><br />We always provide one towel per guest per stay (stays 7 days long and shorter).<br /><br />We provide SELF CHECK-IN. Please note that our key pick up is located on different address than the apartment's (few minutes away).<br /><br />For an unapproved late check-out will be charged 20 EUR. <br /><br />Quiet hours after 10pm, including loud music (rule violation - 200 EUR fine)! <br /><br />Strictly non-smoking (rule violation - 200 EUR fine)!<br /><br />Only guests stated during the booking process shall stay in the property.","Entire rental unit in Prague 2, Czechia","['2 guests', '1 bedroom', '1 bed', '1 bath']","['Hair dryer', 'Shampoo', 'Body soap', 'Hot water', 'Shower gel', 'Hangers', 'Bed linens', 'Iron', 'TV', 'Ceiling fan', 'Heating', 'Wifi', 'Dedicated workspace', 'Kitchen', 'Refrigerator', 'Cooking basics', 'Dishes and silverware', 'Stove', 'Hot water kettle', 'Coffee maker: french press', 'Wine glasses', 'Toaster', 'Dining table', 'Coffee', 'Elevator', 'Long term stays allowed', 'Self check-in', 'Lockbox']","['Rated 4.8 out of 5 stars for cleanliness', 'Rated 4.9 out of 5 stars for accuracy', 'Rated 4.7 out of 5 stars for check-in', 'Rated 5.0 out of 5 stars for communication', 'Rated 4.9 out of 5 stars for location', 'Rated 4.8 out of 5 stars for value']"
https://www.airbnb.com/rooms/1497713553424968623,"₴20,616 for 5 nights, originally ₴27,433",Palladium Apart,"Our apartments in the historic center of Prague offer a cozy, welcoming atmosphere where you can feel at home. Located on quiet Soukenická Street, just minutes from main attractions like Old Town Square, Charles Bridge, and Palladium, you’ll enjoy both comfort and convenience. Cafés, restaurants, and shops are nearby, while the peaceful street ensures a relaxing stay.<br /><br /><b>The space</b><br />Our beautiful, modernly furnished apartment offers everything you need for a pleasant stay in Prague.<br />In the morning, you can enjoy a cup of coffee or tea prepared for you. The apartment has two comfortable beds with a capacity of up to 4 people – ideal for families or friends. A modern bathroom is at your disposal, and after a day of exploring the city, you can relax in the evening in front of the large TV. This apartment is the perfect base to fully enjoy Prague.<br /><br /><b>Guest access</b><br />•	Entire apartment just for you<br />•	King-size bed and fold-out sofa<br />•	Fully equipped kitchen (stove, fridge, coffee maker, kettle, dishes, cutlery)<br />•	Washing machine<br />•	Free Wi-Fi<br />•	Smart TV with access to streaming services<br />•	Bright bathroom with shower, hairdryer, and towels","Entire rental unit in Prague 1, Czechia","['4 guests', '1 bedroom', '2 beds', '1 bath']","['Hair dryer', 'Shampoo', 'Body soap', 'Hot water', 'Bed linens', 'Iron', 'Clothing storage: closet', 'TV', 'Heating', 'Smoke alarm', 'Wifi', 'Dedicated workspace', 'Kitchen', 'Refrigerator', 'Cooking basics', 'Dishes and silverware', 'Stove', 'Hot water kettle', 'Wine glasses', 'Dining table', 'Coffee', 'Pets allowed', 'Host greets you']","['Rated 5.0 out of 5 stars for cleanliness', 'Rated 5.0 out of 5 stars for accuracy', 'Rated 4.7 out of 5 stars for check-in', 'Rated 4.7 out of 5 stars for communication', 'Rated 5.0 out of 5 stars for location', 'Rated 4.9 out of 5 stars for value']"
https://www.airbnb.com/rooms/3493818,"₴54,228 for 5 nights",Luxury 3BR Residence with Terrace&BBQ + Parking,"Experience modern living in the heart of Holešovice, just 15 minutes from Old Town Square by tram. This chic, designer flat offers a perfect blend of comfort and style with a high-end kitchen and elegant interiors. The highlight is the spacious private terrace featuring&BBQ and views of the river and Prague skyline. Enjoying a glass of wine here at sunset is pure bliss. For your convenience, a free private parking spot in the garage s included. Your perfect Prague escape starts here. 😍","Entire rental unit in Prague 7, Czechia","['6 guests', '3 bedrooms', '3 beds', '2.5 baths']","['Bathtub', 'Hair dryer', 'Shampoo', 'Conditioner', 'Body soap', 'Hot water', 'Shower gel', 'Washer', 'Free dryer – In unit', 'Hangers', 'Bed linens', 'Room-darkening shades', 'Iron', 'Clothing storage', 'TV with Netflix', 'Sound system', 'High chair', 'Children’s dinnerware', 'Board games', 'Babysitter recommendations', 'Outdoor playground', 'Air conditioning', 'Heating', 'Smoke alarm', 'Fire extinguisher', 'First aid kit', 'Wifi', 'Dedicated workspace', 'Kitchen', 'Refrigerator', 'Microwave', 'Cooking basics', 'Dishes and silverware', 'Freezer', 'Dishwasher', 'Stove', 'Oven', 'Hot water kettle', 'Coffee maker', 'Wine glasses', 'Toaster', 'Baking sheet', 'Blender', 'Barbecue utensils', 'Dining table', 'Coffee', 'Outdoor dining area', 'BBQ grill', 'Free parking on premises', 'Elevator', 'Long term stays allowed', 'Self check-in', 'Lockbox']",N/A
https://www.airbnb.com/rooms/1521505048952877950,"₴22,543 for 5 nights",Designer Flat | Quiet Top Floor | Walk Everywhere,"Discover a peaceful top-floor retreat in Prague 1, featuring a premium queen bed and additional sofa (extends to another full queen sized bed).<br /><br />Traditional wooden floor, window to a quiet courtyard, full kitchen, and relaxing bathtub. <br /><br />Includes 50"" Smart TV (Netflix), laundry detergent, hair dryer, iron, ironing board, and a fully equipped kitchen with pans and all essential cookware.<br /><br />No neighbors above, and effortless self check-in via smart lock—your stylish base for exploring Prague.<br /><br /><b>The space</b><br />You’ll have the entire apartment to yourself, with easy self check-in anytime via smart lock.<br /><br />Inside, there’s a spacious hallway with a large wardrobe, a comfortable queen-sized bed, and a sofa that extends into another full queen bed (two proper 80 cm mattresses). The living area features a 50"" smart TV and a dining table with seating for four.<br /><br />The apartment offers a fully equipped kitchen with an espresso machine, water kettle, and cooking essentials.<br /><br />You’ll also find a bathtub, washing machine, hair dryer, iron, and complimentary soap and shampoo. <br /><br />WiFi is of course included in the apartment.<br /><br /><b>Guest access</b><br />You’ll have the entire apartment to yourself.<br /><br /><b>Other things to note</b><br />The apartment is ideal for 2 or 3 people. It can accommodate up to 4 guests using the sofa bed, but please note that with 4 people the space can feel a bit crowded.<br /><br />PARKING OPTIONS:<br /><br />1) Street parking<br />- Paid: Mon-Sun (8 a.m - 24 p.m., 60 CZK (2.5 EUR)/hour - violet zone<br />- Parking meters on the street (website, card, QR code, cash)<br /><br /><br />2) Mr. Parkit garages<br /> - closest address: Samcova 1216/4, Prague 1<br /> -  price depending on the occupancy","Entire rental unit in Prague 1, Czechia","['4 guests', '1 bedroom', '2 beds', '1 bath']","['Bathtub', 'Hair dryer', 'Cleaning products', 'Shampoo', 'Body soap', 'Hot water', 'Shower gel', 'Washer', 'Essentials', 'Hangers', 'Bed linens', 'Extra pillows and blankets', 'Room-darkening shades', 'Iron', 'Drying rack for clothing', 'Clothing storage: closet and wardrobe', 'TV', 'Portable fans', 'Portable heater', 'Wifi', 'Dedicated workspace', 'Pocket wifi', 'Kitchen', 'Refrigerator', 'Cooking basics', 'Dishes and silverware', 'Freezer', 'Stainless steel gas stove', 'Whirpool stainless steel single oven', 'Hot water kettle', 'Coffee maker: espresso machine', 'Wine glasses', 'Trash compactor', 'Dining table', 'Coffee', 'Laundromat nearby', 'Shared patio or balcony', 'Outdoor furniture', 'Outdoor dining area', 'Elevator', 'Paid street parking off premises', 'Pets allowed', 'Long term stays allowed', 'Self check-in', 'Smart lock']","['Rated 4.9 out of 5 stars for cleanliness', 'Rated 5.0 out of 5 stars for accuracy', 'Rated 4.9 out of 5 stars for check-in', 'Rated 5.0 out of 5 stars for communication', 'Rated 4.9 out of 5 stars for location', 'Rated 4.9 out of 5 stars for value']"
https://www.airbnb.com/rooms/1678401639494393225,"₴23,766 for 5 nights",Cozy Bright Apartment with Balcony & Lovely View,"Relax and feel at home in this cozy and bright 1-bedroom apartment with a balcony and peaceful green view. Ideal for 1–2 guests, up to 4 people can stay overnight. (Size 2+kk)<br /><br />Enjoy a spacious living area connected to the kitchen, a calm atmosphere, and a comfortable place to relax after a day in Prague.<br /><br />Located in a pleasant neighborhood full of cafés, restaurants, and parks, with easy access to the city center (approx. 15 minutes by public transport).<br /><br /><b>The space</b><br />Cozy and bright 2-bedroom apartment (50 m²) with a kitchenette, a terrace (10 m²), and beautiful views of greenery and the park. The apartment is located in a quiet area with very good access to the center of Prague – the journey to the center takes approximately 15 minutes.<br /><br />The apartment is ideal and most comfortable for 1–2 people, but it can comfortably accommodate up to 4 guests.<br /><br />The apartment features a spacious living room connected to the kitchen, with a sofa bed for 2 people. The bedroom is small but cozy, with a queen-size bed for 2 people. There is also a bathroom with a bathtub.<br /><br />The apartment is partially furnished, which gives it a cozy, homey feel while also offering more amenities than are typically found in standard short-term rentals.<br /><br />Occasionally, a dachshund also stays here, so please consider whether staying here is appropriate if you have a severe allergy to dogs.<br /><br />Nearby, you'll find parks, cafés, restaurants, and stores like Billa and Tesco, as well as Vietnamese night markets, all within a few minutes' walking distance. There is also an ATM nearby.<br /><br />Parking is available in the blue zone in front of the building and can be conveniently paid for, for example, via the EasyPark app.<br /><br /><b>Guest access</b><br />PARKING<br />FREE <br />- Free parking during your stay on the following days:<br />- Thursday, Friday, Saturday, Sunday, Monday and Tuesday until 2:00 PM<br /><br /><br />OTHER DAYS<br />- I don't have a parking space available on Tuesday afternoon and Wednesday<br />- but you can park on the street right next to the house - the fee is 60 CZK per hour","Entire rental unit in Prague, Czechia","['4 guests', '1 bedroom', '2 beds', '1 bath']","['Bathtub', 'Hair dryer', 'Cleaning products', 'Shampoo', 'Conditioner', 'Body soap', 'Hot water', 'Shower gel', 'Washer', 'Essentials', 'Hangers', 'Bed linens', 'Extra pillows and blankets', 'Iron', 'Clothing storage', 'Sound system', 'Books and reading material', 'Heating', 'Wifi', 'Dedicated workspace', 'Kitchen', 'Refrigerator', 'Cooking basics', 'Dishes and silverware', 'Freezer', 'Stove', 'Oven', 'Hot water kettle', 'Coffee maker', 'Wine glasses', 'Toaster', 'Baking sheet', 'Blender', 'Dining table', 'Coffee', 'Bread maker', 'Patio or balcony', 'Elevator', 'Paid parking on premises', 'Pets allowed', 'Host greets you']","['Rated 5.0 out of 5 stars for cleanliness', 'Rated 5.0 out of 5 stars for accuracy', 'Rated 5.0 out of 5 stars for check-in', 'Rated 5.0 out of 5 stars for communication', 'Rated 5.0 out of 5 stars for location', 'Rated 5.0 out of 5 stars for value']"
https://www.airbnb.com/rooms/1681171205470597496,"₴22,116 for 5 nights",Modern Designer Flat | AC | Quiet | Metro| Parking,"New luxury apartment with modern designer interior, air conditioning, and peaceful courtyard views for a quiet stay. Perfectly located near O2 Arena with metro and tram just minutes away, offering quick access to Prague city center. Features fast Wi-Fi, smart TV, fully equipped kitchen, washer & dryer, comfortable bed, and stylish furnishings. Ideal for concerts, business trips, or exploring Prague while enjoying comfort and tranquility.<br /><br /><b>The space</b><br />The heart of the home is a comfortable, modern open-concept living and kitchen area, perfectly designed for socializing.<br /><br />Living & Dining: Features a comfortable fold-out sofa bed (perfect for extra guests) and a dining table that comfortably seats four.<br /><br />Kitchen: A fully equipped, modern kitchen with everything you need to whip up your favorite meals.<br /><br />Bedroom: Retreat to the bright, spacious bedroom offering plenty of clothing storage space.<br /><br />Bathroom: Refresh in the luxurious bathroom, which boasts a large, walk-in shower.<br /><br /><b>Guest access</b><br />Guests have full, exclusive access to the entire apartment during their stay. You will have complete privacy with no shared indoor spaces.<br /><br /><b>Other things to note</b><br />Please Note (Accessibility): The apartment is located on the first floor and the building has no lift. Because of this, there are a few steps you will need to walk up to reach the apartment entrance. Please keep this in mind if you have heavy luggage or limited mobility!","Entire rental unit in Prague, Czechia","['4 guests', '1 bedroom', '2 beds', '1 bath']","['Hair dryer', 'Cleaning products', 'Shampoo', 'Conditioner', 'Body soap', 'Hot water', 'Shower gel', 'Washer', 'Free dryer – In unit', 'Essentials', 'Hangers', 'Bed linens', 'Extra pillows and blankets', 'Iron', 'Drying rack for clothing', 'Clothing storage: closet and wardrobe', 'TV', 'Air conditioning', 'Central heating', 'Exterior security cameras on property', 'Smoke alarm', 'Fire extinguisher', 'First aid kit', 'Wifi', 'Dedicated workspace', 'Pocket wifi', 'Kitchen', 'Refrigerator', 'Microwave', 'Cooking basics', 'Dishes and silverware', 'Freezer', 'Dishwasher', 'Induction stove', 'Stainless steel single oven', 'Hot water kettle', 'Coffee maker', 'Wine glasses', 'Dining table', 'Coffee', 'Private entrance', 'Laundromat nearby', 'Free street parking', 'Paid parking on premises', 'Long term stays allowed', 'Self check-in', 'Lockbox']",N/A
https://www.airbnb.com/rooms/1688310961563448374,"₴11,981 for 5 nights",Room near Main Station • Walk Everywhere,"Welcome to Station Stay Prague – the perfect base for travelers. Right next to the Main Station with direct airport bus, metro, trams & international trains. Walk to Wenceslas Square in 5 mins and Old Town in 15. Private room in a shared apartment with 13 rooms, shared kitchen, 3 showers & 3 toilets. Read full details before booking to understand the pros and cons of this stay. A girls’ dance school downstairs may occasionally be heard until 10 PM, so it may not suit noise-sensitive guests.<br /><br /><b>The space</b><br />Positives<br /><br />- Comfortable private room in a central, well-connected location, perfect for exploring the city.<br /><br />-Opportunity to meet other travelers or residents, creating a friendly and social atmosphere.<br />Budget-friendly option compared to a full private apartment, while still ensuring privacy in your own room.<br /><br />- Secure entry to the building and apartment.<br />Possibility to leave bags before check-in or after check-out for convenience (not supervised, so at your own risk — please don’t leave expensive items).<br /><br />Potential Negatives (to set your expectations clearly)<br /><br />- 13 rooms share 3 showers, 3 toilets, and 1 kitchen.<br />Since it’s a shared apartment, some common areas (kitchen, bathroom, hallway) are used by others. Guests should be comfortable with this.<br /><br />- A girls’ dance school is located downstairs, and music may occasionally be heard until around 10 PM.<br />- Noise may occasionally be heard from flat mates or neighboring apartments, depending on their schedules.<br />- Kitchen and bathroom are shared, so cleanliness depends on everyone’s cooperation (though regular cleaning is arranged).<br />- The apartment is not a luxury hotel — furnishings and layout are practical and homely rather than upscale.","Private room in townhouse in Prague 1, Czechia","['2 guests', '1 bedroom', '1 bed', '3 shared baths']","['Hair dryer', 'Hot water', 'Heating', 'Exterior security cameras on property', 'Smoke alarm', 'Carbon monoxide alarm', 'Fire extinguisher', 'First aid kit', 'Wifi', 'Kitchen', 'Microwave', 'Dishes and silverware', 'Mini fridge', 'Stove', 'Hot water kettle', 'Paid parking on premises', 'Self check-in', 'Keypad']",N/A
https://www.airbnb.com/rooms/1391417913122343226,"₴34,565 for 5 nights","Timeless Prague: Fireplace, Balcony & Beams","The <b>apartment in Prague</b> has 1 bedrooms and capacity for 4 people. <br>Accommodation of 55 m². <br>The accommodation is equipped with the following items: lift, 10 m² terrace, washing machine, dryer, fireplace, iron, safe, hair dryer, balcony, alarm, single boiler on gas, 1 Tv.<br>The kitchen, is equipped with refrigerator, microwave, oven, freezer, kitchen utensils, coffee machine, toaster, kettle and hob.<br /><br /><b>The space</b><br />The <b>apartment in Prague</b> has 1 bedrooms and capacity for 4 people. <br>Accommodation of 55 m². <br>The accommodation is equipped with the following items: lift, 10 m² terrace, washing machine, dryer, fireplace, iron, safe, hair dryer, balcony, alarm, single boiler on gas, 1 Tv.<br>The kitchen, is equipped with refrigerator, microwave, oven, freezer, kitchen utensils, coffee machine, toaster, kettle and hob.<br /><br /><b>Other things to note</b><br />Included services<br /><br />- Bed linen<br /><br />- Towels<br /><br />Please note that the elevator is accessible after a one set of stairs.<br /><br />Kindly be informed that as per legal regulations, we are required to register all guests and collect a city tax of 50 CZK per person per night. We will send you a payment link shortly before your stay or we settle it during check-in. Please note that this includes a small processing fee. In case of cancellation, please understand that this transaction fee is non-refundable. Thank you for your understanding!","Entire rental unit in Prague 1, Czechia","['4 guests', '1 bedroom', '2 beds', '1 bath']","['Bathtub', 'Hair dryer', 'Body soap', 'Bidet', 'Hot water', 'Shower gel', 'Washer', 'Dryer –\xa0In unit', 'Essentials', 'Iron', 'Safe', 'TV', 'Record player', 'Books and reading material', 'Board games', 'Indoor fireplace', 'Heating', 'Smoke alarm', 'Carbon monoxide alarm', 'Fire extinguisher', 'First aid kit', 'Wifi', 'Kitchen', 'Refrigerator', 'Microwave', 'Cooking basics', 'Freezer', 'Stove', 'Oven', 'Hot water kettle', 'Coffee maker: espresso machine', 'Wine glasses', 'Toaster', 'Dining table', 'Coffee', 'Private entrance', 'Patio or balcony', 'Elevator', 'Pets allowed', 'Long term stays allowed', 'Self check-in', 'Lockbox']","['Rated 5.0 out of 5 stars for cleanliness', 'Rated 4.9 out of 5 stars for accuracy', 'Rated 4.9 out of 5 stars for check-in', 'Rated 4.9 out of 5 stars for communication', 'Rated 5.0 out of 5 stars for location', 'Rated 4.9 out of 5 stars for value']"
https://www.airbnb.com/rooms/1629064742425260115,"₴17,623 for 5 nights, originally ₴23,575",Brand New Stylish Flat in Heart of Prague,"Sleek Újezd Studio: Heart of Historic Prague<br /><br />Modern, brand-new studio just a 10-15 min walk to Charles Bridge & Prague Castle. Perfectly quiet yet central.<br /><br />NON SMOKING APARTMENT!<br /><br />• Fully equipped kitchen w/ coffee machine & oven<br />• Large Smart TV & 500Mb/s Starlink WiFi<br />• Bright dining area & cozy lounge sofa<br />• Modern bathroom with glass shower<br />• Washer & Dryer in building<br /><br />The perfect new-build comfort for up to 2 guests in prime Prague!<br /><br />PARKING AVAILABLE UPON REQUEST & Availability.<br /><br /><b>Guest access</b><br />You’ll receive a security code for access to the house. Inside, there’s a lock box containing the key to your apartment.<br /><br /><b>Other things to note</b><br />Inside the  apartment and the adjacent area of the house is strictly non smoking.","Entire rental unit in Prague 1, Czechia","['2 guests', '1 bedroom', '1 bed', '1 bath']","['Hair dryer', 'Cleaning products', 'Shampoo', 'Conditioner', 'Body soap', 'Hot water', 'Shower gel', 'Washer', 'Dryer', 'Hangers', 'Bed linens', 'Extra pillows and blankets', 'Room-darkening shades', 'Iron', 'Drying rack for clothing', 'Clothing storage', '55 inch HDTV with Netflix, Disney+', 'Crib', 'High chair', 'Baby monitor', 'Heating', 'Exterior security cameras on property', 'Smoke alarm', 'Carbon monoxide alarm', 'Fire extinguisher', 'First aid kit', 'Fast wifi – 265 Mbps', 'Dedicated workspace', 'Kitchen', 'Refrigerator', 'Microwave', 'Cooking basics', 'Dishes and silverware', 'Mini fridge', 'Dishwasher', 'Electrolux induction stove', 'Oven', 'Hot water kettle', 'Coffee maker', 'Toaster', 'Baking sheet', 'Rice maker', 'Dining table', 'Coffee', 'Private entrance', 'Backyard', 'Paid parking off premises', 'Paid parking on premises', 'Long term stays allowed', 'Self check-in', 'Smart lock', 'Cleaning available during stay']","['Rated 5.0 out of 5 stars for cleanliness', 'Rated 5.0 out of 5 stars for accuracy', 'Rated 4.9 out of 5 stars for check-in', 'Rated 4.8 out of 5 stars for communication', 'Rated 4.9 out of 5 stars for location', 'Rated 5.0 out of 5 stars for value']"
https://www.airbnb.com/rooms/1063626216412875722,"₴14,704 for 5 nights, originally ₴18,744",Friendly apartments in Prague (old town) #502,"The best offer for our guests. A cozy modern apartment with everything you need for a comfortable stay is located in the prestigious area of ​​Prague Royal Vinohrady. The historical city center is within walking distance, and the central public transport stop is a 5-minute walk away. There are many restaurants, bars, pubs and a market in the immediate vicinity. The apartment has a double bed, table with chairs, TV, WiFi, kitchen with everything you need . Bathroom with shower and washing machine<br /><br /><b>The space</b><br />The best offer for our guests. A cozy modern apartment with everything you need for a comfortable stay is located in the prestigious area of ​​Prague Royal Vinohrady. The historical city center is within walking distance, and the central public transport stop is a 5-minute walk away. There are many restaurants, bars, pubs and a market in the immediate vicinity. The apartment has a double bed, table with chairs, TV, WiFi, kitchen with everything you need (dishes, kettle, stove, refrigerator). Bathroom with shower and washing machine. Iron and ironing board available.","Entire rental unit in Prague 2, Czechia","['2 guests', '1 bedroom', '1 bed', '1 bath']","['Hair dryer', 'Cleaning products', 'Body soap', 'Hot water', 'Shower gel', 'Washer', 'Essentials', 'Hangers', 'Bed linens', 'Iron', 'Drying rack for clothing', 'Clothing storage: closet', 'TV', 'Central heating', 'Carbon monoxide alarm', 'Wifi', 'Dedicated workspace', 'Kitchen', 'Refrigerator', 'Cooking basics', 'Dishes and silverware', 'Stove', 'Wine glasses', 'Dining table', 'Elevator', 'Long term stays allowed', 'Self check-in', 'Lockbox']","['Rated 4.8 out of 5 stars for cleanliness', 'Rated 4.8 out of 5 stars for accuracy', 'Rated 4.9 out of 5 stars for check-in', 'Rated 4.9 out of 5 stars for communication', 'Rated 4.8 out of 5 stars for location', 'Rated 4.7 out of 5 stars for value']"
https://www.airbnb.com/rooms/1501601947734582617,"₴22,723 for 5 nights, originally ₴25,916",Prague Nest – Cozy Modern Studio,"Modern & Stylish Apartment in the Heart of Prague<br /><br />Enjoy a newly redesigned, cozy apartment just steps from Prague’s most iconic landmarks. The space is bright, stylish, and fully renovated — including a brand-new kitchen, mattress, bedding, and lighting — offering a comfortable home base in a quiet building right in the center.<br />Perfect for couples or friends who want to explore the historic city while staying in a peaceful and well-equipped apartment.<br /><br /><b>The space</b><br />The location is ideal for exploring the city on foot, with Wenceslas Square just 8 minutes away and Old Town Square 15 minutes away. Charles Square and the metro station are only a 5-minute walk from the apartment.<br />Public transportation options are all within close reach.<br /><br /><b>Guest access</b><br />The entire apartment is yours to enjoy, including:<br />- Lockbox for easy self check-in<br />- Main room with a queen-size bed (160×200 cm)<br />- Work and dining table with a power outlet<br />- Bathroom with a shower, toilet, and hair dryer<br />- Fully equipped kitchen with an induction stove, kettle, and Nespresso coffee maker.Salt, pepper, sugar, tea, olive oil, and coffee are provided.<br />- Smart TV with NETFLIX<br />- Body & hand wash, shampoo<br />- Fresh bed linens and towels<br />- High-speed Wi-Fi (1 Gbps)<br /><br />No parties — please make sure to read the house rules.<br /><br /><b>Other things to note</b><br />As fair and legal hosts we collect the obligatory tourist tax from each guest of 50 CZK (approx. €2) per night.","Entire rental unit in Prague 1, Czechia","['2 guests', '1 bedroom', '1 bed', '1 bath']","['Courtyard view', 'Hair dryer', 'Cleaning products', 'Shampoo', 'Body soap', 'Hot water', 'Shower gel', 'Essentials', 'Hangers', 'Bed linens', 'Room-darkening shades', 'Iron', 'Drying rack for clothing', 'Clothing storage: closet', 'TV', 'Sound system with Bluetooth and aux', 'Heating', 'Wifi', 'Dedicated workspace', 'Kitchen', 'Refrigerator', 'Microwave', 'Cooking basics', 'Dishes and silverware', 'Freezer', 'Other induction stove', 'Hot water kettle', 'Coffee maker: Nespresso', 'Wine glasses', 'Coffee', 'Laundromat nearby', 'Elevator', 'Paid street parking off premises', 'Luggage dropoff allowed', 'Self check-in', 'Lockbox']","['Rated 5.0 out of 5 stars for cleanliness', 'Rated 5.0 out of 5 stars for accuracy', 'Rated 5.0 out of 5 stars for check-in', 'Rated 5.0 out of 5 stars for communication', 'Rated 5.0 out of 5 stars for location', 'Rated 5.0 out of 5 stars for value']"
https://www.airbnb.com/rooms/1680523569195883809,"₴41,210 for 5 nights",BRAND NEW Luxury Apartment | Heart of Prague,"Designer Luxury Oasis in the Heart of Prague 1<br />The Space: Where History Meets This is not just another apartment; it is a meticulously designed residence that has just undergone a complete, top-to-bottom renovation (Finished in 2024). If you are looking for that rare, perfect combination of 19th-century European charm and 21st-century high-end luxury, you have found your home in the Golden City.<br /><br /><b>The space</b><br />## 💎 [BRAND NEW 2024] Luxury Gem in the Heart of Prague 1<br />**Be among our very first guests!** This stunning apartment at **Jeruzalémská 5** has just undergone a complete, top-to-bottom renovation. From the polished floors to the designer furniture and high-end appliances—everything is 100% brand new and waiting to welcome you for a pristine stay in the Golden City.<br />### ✨ Highlights of the Transformation:<br /> * **Modern Designer Interiors:** A seamless blend of historic Prague charm and sleek, contemporary aesthetics.<br /> * **""Cloud-Nine"" Bedroom:** Featuring a brand-new premium King-size mattress and 100% hotel-quality cotton linens for the ultimate night's sleep.<br /> * **Fully Equipped Modern Kitchen:** State-of-the-art appliances (induction hob, Nespresso machine, kettle) that have never been used—sparkling clean and ready for your culinary skills.<br /> * **Spa-Inspired Bathroom:** Completely redesigned with high-end fixtures and a powerful rainfall shower to recharge you after a day of sightseeing.<br /> * **Quiet & Cozy:** Newly upgraded double-glazed windows ensure a peaceful sanctuary despite being in the center of the action.<br />### 🌟 Why You’ll Love This Location<br /> 1. **""Diamond"" Location:** Just a **2-minute walk** from the Main Train Station (Hlavní nádraží) and **5 minutes** from Wenceslas Square. Spend less time commuting and more time exploring!<br /> 2. **Impeccable Cleanliness:** Since every corner is newly renovated, you can enjoy a level of hygiene and freshness that only a brand-new home can offer.<br /> 3. **Digital Nomad Friendly:** Equipped with high-speed Wi-Fi and a brand-new Smart TV for all your streaming and work needs.<br />### 🏠 The Space<br /> * **Living Area:** Sun-drenched and airy, featuring a plush sofa and large windows overlooking the historic charm of Prague 1.<br /> * **Amenities:** We provide fresh fluffy towels, organic toiletries, a hairdryer, and ironing facilities to make your packing easier.<br /> * **Security:** Located in a safe, prestigious building right next to the iconic, colorful Jerusalem Synagogue.<br />### 📍 Prague at Your Doorstep<br /> * **Snap a Photo:** The stunning Jerusalem Synagogue is your next-door neighbor! The historic Jindřišská Tower is only 2 minutes away.<br /> * **Walkable Landmarks:** Stroll to the Old Town Square and Charles Bridge within 12-15 minutes.<br /> * **Food & Coffee:** Surrounded by Prague’s trendiest cafes, local bakeries, and authentic Czech restaurants.<br />### ⭐ Your Stay, Reimagined<br />We are proud to unveil this fresh new look and are committed to providing 24/7 support to ensure your Prague holiday is nothing short of perfect.<br />> *""Don't just visit Prague—live in its historic heart with all the comforts of a brand-new luxury home.""*","Entire rental unit in Prague 1, Czechia","['6 guests', '2 bedrooms', '3 beds', '1 bath']","['Hair dryer', 'Shampoo', 'Body soap', 'Hot water', 'Shower gel', 'Washer', 'Hangers', 'Bed linens', 'Drying rack for clothing', 'Heating', 'Wifi', 'Dedicated workspace', 'Kitchen', 'Refrigerator', 'Microwave', 'Cooking basics', 'Dishes and silverware', 'Freezer', 'Other stove', 'Hot water kettle', 'Wine glasses', 'Dining table', 'Paid street parking off premises', 'Luggage dropoff allowed', 'Long term stays allowed']",N/A
https://www.airbnb.com/rooms/1624592791363562212,"₴28,362 for 5 nights",Superior Styled Apt | Central Netflix Xbox & Games,"Modern studio in a beautiful residential building in Prague 1, near Florenc bus station. Features a double bed and sofa bed for up to 4 guests. TV with Netflix & Xbox Pass, board games, books and Prague guides, plus complimentary coffee, tea & spices. Old Town is within walking distance, with shops, cafés & restaurants nearby. The fully equipped kitchen with coffee maker, toaster and blender makes it easy to enjoy home - cooked meals, and the private bathroom with shower ensures a comfy stay.<br /><br /><b>The space</b><br />Welcome to our modern studio in a charming residential building in Prague 1, just steps from Florenc bus station and within walking distance of the Old Town.<br /><br />The studio offers a comfortable double bed (180x200 cm) and a sofa bed, accommodating up to 4 guests. There is also a dining table with four chairs for shared meals or work.<br /><br />The fully equipped kitchen comes with everything you need: coffee maker, kettle, toaster, blender, smoothie maker, and even an electronic wine opener. We also provide complimentary coffee, tea, and spices to make you feel at home.<br /><br />The private bathroom has a shower, and in the entrance hall you will find a hanger for your clothes.<br /><br />For your entertainment, enjoy the TV with Netflix and Xbox Pass, a selection of board games, as well as books and Prague guides to help you explore the city.<br /><br />Shops, cafés, and restaurants surround the area, making this studio an ideal base for discovering Prague.<br /><br /><b>Guest access</b><br />Guests have full access to the entire studio, which is private and just for them, including the private bathroom. Inside the apartment, you will also find a washing machine, drying rack, ironing board, vacuum cleaner, and cleaning supplies for your convenience.<br /><br /><b>Other things to note</b><br />Arrival Form<br /><br />After booking, we will send you a form for online check-in. You are legally required to fill out this form. We must report every guest to the local authorities, pay fees, or report foreign guests to the foreign police, just like hotels and guesthouses do.<br /><br />Check-in<br /><br />Check-in is possible from 3:00 PM. If you plan to arrive earlier, please let us know at least a day in advance, and we will try to arrange for the apartment to be cleaned earlier. However, this depends on several factors, and we cannot guarantee that we will always be able to accommodate your request. We always strive to meet our guests' needs as much as possible. The day before your arrival, we will send you instructions on how to access the apartment.<br /><br />Quiet Hours<br /><br />Please observe the quiet hours ordinance from 10:00 PM to 8:00 AM and treat the house with respect, not only towards our property but also towards the neighbors.","Entire rental unit in Prague 1, Czechia","['4 guests', 'Studio', '2 beds', '1 bath']","['Hair dryer', 'Cleaning products', 'Shampoo', 'Conditioner', 'Body soap', 'Hot water', 'Shower gel', 'Washer', 'Essentials', 'Hangers', 'Bed linens', 'Extra pillows and blankets', 'Room-darkening shades', 'Iron', 'Drying rack for clothing', 'Clothing storage: closet and dresser', 'TV', 'Sound system', 'Game console', 'Books and reading material', 'Pack ’n play/Travel crib - available upon request', 'Standalone high chair - available upon request', 'Baby bath - available upon request', 'Board games', 'Portable fans', 'Heating', 'Smoke alarm', 'Fast wifi – 865 Mbps', 'Dedicated workspace', 'Kitchen', 'Refrigerator', 'Microwave', 'Cooking basics', 'Dishes and silverware', 'Freezer', 'Stove', 'Hot water kettle', 'Coffee maker: Nespresso', 'Wine glasses', 'Toaster', 'Blender', 'Dining table', 'Coffee', 'Elevator', 'Paid parking off premises', 'Luggage dropoff allowed', 'Long term stays allowed', 'Self check-in', 'Smart lock']","['Rated 4.9 out of 5 stars for cleanliness', 'Rated 4.9 out of 5 stars for accuracy', 'Rated 5.0 out of 5 stars for check-in', 'Rated 4.9 out of 5 stars for communication', 'Rated 4.9 out of 5 stars for location', 'Rated 4.9 out of 5 stars for value']"
https://www.airbnb.com/rooms/247267,"₴20,292 for 5 nights, originally ₴29,983",Apartment Central Prague Old Town Self check-in,"High standarts and the best location for your stay in Prague.<br /><br /><b>The space</b><br />This fully modernised apartment is nicely situated in the Old Town of Prague, close to Wesceslav Square, Namesti Republiky and the main station.<br />Located in a more leafy and quiet part of the city centre, the apartment gives you the best of both worlds for your Prague city break.<br />Size : 41 m2<br />Occupancy : max 3 p.<br />Num. of bedrooms: 1<br />Num. of beds: 1 double bed and 1 double sofa-bed<br />Level:4nd<br />Elevator:yes<br />Distance to city centre: It's in the center. <br />Nearest public transport: Jindrisska, Hlavní Nadrazi or Namesti Republiky (trams and metro). Two minutes away.<br />Deposit: 150€ refunded on departure<br />Check-in time: from 2:00pm (since we have electronic locks you can access the apartment anytime you want, even late in the evening, no problem at all)<br />Check-out time: before 10:00am (flexible if we don't have another group the same day)<br />STAYS OF LESS THAN 3 NIGHTS ARE POSSIBLE AT THE OWNERS DISCRETION.<br />CHRISTMAS & NEW YEARS EVE: WE DO NOT ACCEPT RESERVATIONS FOR LESS THAN 6 DAYS.<br /><br /><b>Guest access</b><br />You can use all the areas in the apartment: laundry room, kitchen and utensiles...<br />Of course, you can use the common areas too: elevator, backyard (garbage bins are located there)... just please, be respectful to the other people in the building (no noise after 10pm, no smoking in the common areas)<br /><br /><b>Other things to note</b><br />Check-in time: from 2:00pm (since we have electronic locks you can access the apartment even late in the evening, no problem at all)<br />Check-out time: before 10:00am (we are flexible if we don't have another group the same day)<br />STAYS OF LESS THAN 3 NIGHTS ARE POSSIBLE AT THE OWNERS DISCRETION.<br />CHRISTMAS EVE: WE DO NOT ACCEPT RESERVATIONS FOR LESS THAN 6 DAYS.","Entire condo in Prague, Czechia","['3 guests', '1 bedroom', '4 beds', '1 bath']","['Courtyard view', 'City skyline view', 'Hair dryer', 'Shampoo', 'Hot water', 'Free washer – In unit', 'Essentials', 'Hangers', 'Iron', 'TV with standard cable', 'Crib', 'Pack ’n play/Travel crib', 'Children’s books and toys', 'High chair', 'Baby bath', 'Children’s dinnerware', 'Board games', 'Heating', 'Fire extinguisher', 'First aid kit', 'Wifi', 'Kitchen', 'Refrigerator', 'Microwave', 'Cooking basics', 'Dishes and silverware', 'Dishwasher', 'Electrolux induction stove', 'Coffee maker', 'Private entrance', 'Elevator', 'Paid parking off premises', 'Single level home', 'Long term stays allowed', 'Self check-in', 'Keypad']","['Rated 4.9 out of 5 stars for cleanliness', 'Rated 4.9 out of 5 stars for accuracy', 'Rated 4.8 out of 5 stars for check-in', 'Rated 4.9 out of 5 stars for communication', 'Rated 4.9 out of 5 stars for location', 'Rated 4.8 out of 5 stars for value']"
https://www.airbnb.com/rooms/1672515357024750931,"₴32,394 for 5 nights",The Golden Nest - Prague 2,"Looking for your piece of Prague? A cozy studio with a loft awaits you, where you can snuggle up like a bird in a nest. There is also a private terrace for leisurely morning coffees or an evening glass of wine.<br />In the fully equipped kitchenette, there's a coffee maker, and a washer-dryer combo can save your day. The location is a safe bet – you have landmarks, cozy cafés, excellent restaurants, and nightlife options within easy reach, and public transportation is just a short walk away.<br />Come and enjoy Prague your way. You'll feel right at home here!<br /><br /><b>The space</b><br />This newly renovated apartment offers all the essential amenities you might need during your short stay. <br /><br />Upstairs in the sleeping area, there are two comfortable mattresses, a smart TV with access to a Netflix account and other apps. The living area can also be used as an additional bed after unfolding the sofa. <br /><br />The kitchen is equipped with everything you need, including basic ingredients for preparing meals (salt, sugar, oil, pepper, etc.), a coffee maker with plenty of coffee beans, tea, all necessary kitchen utensils, an oven, a microwave, a dishwasher, a refrigerator with a freezer, a range hood, and cleaning supplies. There is also a washer-dryer combo in the kitchen. <br /><br />In the bathroom with a shower, liquid soap, shower gel, shampoo, conditioner, towels, and a hairdryer are provided.","Entire rental unit in Prague 2, Czechia","['3 guests', '1 bedroom', '1 bath']","['Hair dryer', 'Cleaning products', 'Shampoo', 'Conditioner', 'Body soap', 'Hot water', 'Shower gel', 'Washer', 'Dryer', 'Hangers', 'Bed linens', 'Room-darkening shades', 'Drying rack for clothing', 'Clothing storage', 'TV', 'Books and reading material', 'Ceiling fan', 'Heating', 'Smoke alarm', 'Wifi', 'Dedicated workspace', 'Kitchen', 'Refrigerator', 'Cooking basics', 'Dishes and silverware', 'Freezer', 'Dishwasher', 'Stove', 'Oven', 'Hot water kettle', 'Coffee maker', 'Wine glasses', 'Baking sheet', 'Dining table', 'Coffee', 'Patio or balcony', 'Outdoor furniture', 'Luggage dropoff allowed', 'Long term stays allowed', 'Self check-in', 'Smart lock']","['Rated 4.9 out of 5 stars for cleanliness', 'Rated 4.9 out of 5 stars for accuracy', 'Rated 4.9 out of 5 stars for check-in', 'Rated 4.9 out of 5 stars for communication', 'Rated 4.9 out of 5 stars for location', 'Rated 5.0 out of 5 stars for value']"
https://www.airbnb.com/rooms/1624650444788327646,"₴21,565 for 5 nights, originally ₴24,307",Modern & Cozy Apt at Újezd | Steps to Center APT 3,"Quiet & brand new, just steps from major sights. 10-15 min walk to Charles Bridge & Prague Castle.<br /><br />The Space:<br />• Stylish living area, kitchenette & Sofa Bed with full mattress<br /><br />• Upper-level bedroom: King Bed (180x200) & luxury mattress<br /><br />• Private bathroom with Bathtub & Shower<br />• Shared Laundry & Dryer in the building<br />• High-speed 500Mb/s Starlink Internet<br /><br />Premium location for up to 3 guests. A cozy, newly equipped retreat in the heart of Prague!<br /><br />Paid parking space for 1 car upon availability.<br /><br /><b>The space</b><br />Newly built townhouse in the city centre at quiet area that has 3 apartments on two floors.","Private room in rental unit in Prague 1, Czechia","['3 guests', '1 bedroom', '2 beds', '1 private bath']","['Hair dryer', 'Cleaning products', 'Shampoo', 'Conditioner', 'Body soap', 'Hot water', 'Shower gel', 'Free washer – In building', 'Free dryer – In building', 'Hangers', 'Bed linens', 'Extra pillows and blankets', 'Room-darkening shades', 'Iron', 'Drying rack for clothing', 'Clothing storage', 'Crib - available upon request', 'Folding or convertible high chair - available upon request', 'Baby monitor', 'Heating', 'Exterior security cameras on property', 'Smoke alarm', 'Carbon monoxide alarm', 'Fire extinguisher', 'First aid kit', 'Wifi', 'Dedicated workspace', 'Kitchen', 'Refrigerator', 'Microwave', 'Cooking basics', 'Dishes and silverware', 'Mini fridge', 'Dishwasher', 'Electrolux induction stove', 'Oven', 'Hot water kettle', 'Coffee maker', 'Toaster', 'Baking sheet', 'Rice maker', 'Dining table', 'Coffee', 'Private entrance', 'Backyard', 'Paid street parking off premises', 'Paid parking lot on premises – 1 space', 'Long term stays allowed', 'Self check-in', 'Smart lock', 'Cleaning available during stay']","['Rated 5.0 out of 5 stars for cleanliness', 'Rated 5.0 out of 5 stars for accuracy', 'Rated 5.0 out of 5 stars for check-in', 'Rated 5.0 out of 5 stars for communication', 'Rated 5.0 out of 5 stars for location', 'Rated 5.0 out of 5 stars for value']"
https://www.airbnb.com/rooms/1406843456709638699,"₴9,565 for 5 nights, originally ₴11,651",Perfect Location - Heart Of The Old Town [32],"Old Town Square just in 5 minutes by walk!<br />Charles Bridge (Karlův Most) just in 7 minutes by walk!<br /><br />More information is in description below.<br /><br /><b>The space</b><br />Private room in apartment in the central district of Prague - Praha 1. Excellent location near the beautiful Old Town Square ""Staroměstské Náměstí"" and world famous Charles Bridge ""Karlův Most"". <br /><br />All sights of Prague are within walking distance from our apartment, so there will be no need to use the public transport.<br /><br />Our building has an elevator.<br /><br />In our apartment are provided:<br />• Wi-Fi<br />• Netflix is included<br />• Towels and bedclothes<br />• Shampoo and shower gel<br />• Iron, ironing board<br /><br />The room is private, so it will only be used by you. It has its own key, so you will be able to lock it. The room is equipped with a refrigerator, a kettle, and a microwave. Please note that the kitchen corner is intended only for reheating and storing food and is not suitable for cooking - the stove and oven are disabled.<br /><br />The city tax is not included and has to be paid separately.<br /><br />If you have any questions - feel free to contact us! :)","Room in Prague 1, Czechia","['1 king bed', 'Shared bathroom']","['Hair dryer', 'Cleaning products', 'Shampoo', 'Hot water', 'Shower gel', 'Essentials', 'Bed linens', 'Room-darkening shades', 'Iron', '50 inch HDTV with Netflix, Amazon Prime Video, Apple TV, Disney+', 'Portable fans', 'Heating', 'Lock on bedroom door', 'Exterior security cameras on property', 'Smoke alarm', 'Carbon monoxide alarm', 'Fire extinguisher', 'Wifi', 'Dedicated workspace', 'Refrigerator', 'Microwave', 'Dishes and silverware', 'Freezer', 'Other gas stove', 'Hot water kettle', 'Trash compactor', 'Kitchenette', 'Dining table', 'Elevator', 'Long term stays allowed', 'Self check-in', 'Keypad']","['Rated 4.7 out of 5 stars for cleanliness', 'Rated 4.7 out of 5 stars for accuracy', 'Rated 4.8 out of 5 stars for check-in', 'Rated 4.8 out of 5 stars for communication', 'Rated 4.9 out of 5 stars for location', 'Rated 4.8 out of 5 stars for value']"
https://www.airbnb.com/rooms/50305567,"₴17,773 for 5 nights, originally ₴24,018",Dwellfort | Luxury Apartment with Balcony and View,"Apartment with balcony is located in a luxurious, fully reconstructed building with an elevator, and top-tier security, this spacious apartment is just a short walk from the historic City Centre. It comfortably accommodates up to 4 guests, featuring a balcony, a King Sized Bed and a Double Sofa Bed.<br /><br />Tastefully furnished and equipped for both short and long-term stays, the apartment offers all modern comforts, including a Smart TV, high-speed WiFi, and a fully equipped kitchen.<br /><br /><b>The space</b><br />You'll have exclusive access to the entire apartment, ensuring complete privacy throughout your stay.<br /><br />This beautifully designed, spacious apartment is situated in a newly renovated building, just a short walk from the City Centre. It's an ideal choice for families, couples, groups of friends, or business travellers.<br /><br />The apartment features one bedroom, living room, fully equipped kitchen, a bathroom with a shower and toilet. It comfortably accommodates up to 4 guests, ensuring a relaxing and convenient stay.<br /><br />SLEEPING ARRANGEMENT<br /><br />Bedroom<br />- 1 King Sized Bed<br /><br />Living room<br />- 1 Double Sofa Bed<br /><br />For a truly restful night, it features premium beds, luxurious mattress, and blackout curtains.<br /><br />LOCATION<br /><br />The area surrounding the residence remains exceptionally quiet, offering a peaceful atmosphere. The neighbourhood is quiet yet vibrant, offering a fantastic selection of restaurants with diverse cuisines, as well as lively bars. Walking distance to main attractions in Prague.<br /><br /><b>Guest access</b><br />Smart Check-in - from 14:00. You can check in seamlessly at any time after 14:00 using the unique code provided.<br /><br />- Smart lock with digital PIN access code for self-check-in and check-out.<br />- I always try to have the apartment ready as early as possible, and if you require an early check-in, I will do my best to accommodate your request, depending on availability.<br /><br />Smart Check-out - until 11:00. <br />- Leave the keys on the kitchen table and shut the door.<br />- Late check-out is available for free upon availability. Please contact me 24 hours in advance. <br /><br />CHILDREN POLICY<br /><br />Children of all ages are warmly welcomed. I offer the following amenities free of charge to make your stay more comfortable:<br />- Baby cot<br />- High chair<br /><br />Please kindly request these items at least 24 hours in advance.<br /><br />CLEANING POLICY<br /><br />My professional cleaning service will ensure the apartment is thoroughly cleaned before your arrival and after your departure, so you won't need to worry about cleaning anything upon leaving.<br /><br />For stays of over five nights, I offer a complimentary cleaning service along with a change of linens and towels every 5 nights. Please request this service at least 24 hours in advance.<br />If you require additional cleaning or a change of linens and towels, this can be arranged for a surcharge.<br /><br />APARTMENT AMENITIES<br /><br />- Balcony<br />- Smart TV<br />- Cable TV<br />- High-speed Wi-Fi<br />- Fully equipped kitchen<br />- Induction cooktop<br />- Dishwasher<br />- Fridge and freezer<br />- Electric kettle<br />- Microwave<br />- Toaster<br />- Coffee maker<br />- Pots, pans, and kitchenware<br />- Utensils<br />- Iron and ironing board<br />- Hairdryer<br />- Fresh towels, bed linens, pillows, and duvets<br />- Washing machine<br />- A selection of tea and coffee<br />- Sugar, salt, pepper, seasoning, and sunflower oil<br />- Soap and dishwashing detergent<br />- Shampoo and shower gel<br />- Toilet paper<br /><br /><b>Other things to note</b><br />Neighbourhood is quiet and at the same time full of great restaurants of various cuisine and bars. You can try Czech, Italian, Spanish, Mexican, Japanese cuisines in the vicinity.<br />My professional cleaning service will ensure the apartment is thoroughly cleaned before your arrival and after your departure so you don't have to clean anything. High quality cotton linen is washed by the professional laundry company.<br /><br />Private parking is available for 17-25 EUR/24 Hours at location nearby. Once the booking is confirmed, you will receive a detailed instructions from me. <br /><br />The apartment is equipped with a Smart Lock, enabling you to check in effortlessly at any time after the designated check-in hour using a unique code that I will provide prior to your arrival.<br /><br />For your convenience, I can arrange a private airport transfer, and I will provide rates after your booking confirmation. If you’re interested in tours, I can recommend the best excursions in Prague and the Czech Republic through a reputable travel agency.<br /><br />City tax 50CZK/2EUR per person per night is payable in cash upon arrival.<br /><br />Valid government ID of all guests over 18 years old is required for online check-in. Link will be sent to you, where you will upload your IDs for verification. Apartment could be accessed only upon completion of online check-in. Once all guest information required by Czech law is submitted, the apartment access codes will be sent to you 1 day before your arrival.<br /><br />House rules:<br />No Smoking Policy – Smoking indoors is forbidden. A fee of €200 will be charged to cover professional ozone cleaning if smoking occurs inside the apartment. <br /><br />Smoking is permitted on the balcony for your convenience.","Entire rental unit in Prague, Czechia","['4 guests', '1 bedroom', '2 beds', '1 bath']","['Hair dryer', 'Shampoo', 'Body soap', 'Hot water', 'Shower gel', 'Free washer – In unit', 'Essentials', 'Hangers', 'Bed linens', 'Iron', 'Drying rack for clothing', 'Clothing storage: wardrobe', 'Ethernet connection', 'TV', 'Crib', 'Heating', 'Smoke alarm', 'Carbon monoxide alarm', 'Wifi', 'Dedicated workspace', 'Kitchen', 'Refrigerator', 'Microwave', 'Cooking basics', 'Dishes and silverware', 'Freezer', 'Dishwasher', 'Hot water kettle', 'Coffee maker', 'Wine glasses', 'Toaster', 'Dining table', 'Coffee', 'Patio or balcony', 'Elevator', 'Paid parking garage off premises', 'Long term stays allowed', 'Self check-in', 'Smart lock']","['Rated 4.9 out of 5 stars for cleanliness', 'Rated 4.8 out of 5 stars for accuracy', 'Rated 4.9 out of 5 stars for check-in', 'Rated 4.9 out of 5 stars for communication', 'Rated 4.8 out of 5 stars for location', 'Rated 4.8 out of 5 stars for value']"
https://www.airbnb.com/rooms/941889302970219744,"₴22,551 for 5 nights, originally ₴26,367",Studio Apartment,"A comfortable studio with a fully equipped kitchen, including all the necessary kitchen utensils for cooking. The kitchen is equipped with 2 induction hobs, a microwave oven, a small fridge, a coffee maker and a kettle. There is a washing machine and a hair dryer in the bathroom. The apartment is also equipped with a safe for the safety of our guests' documents and valuables, a clothes dryer, an iron, an ironing board and a TV. The apartment can accommodate up to 2 guests (full bed 160x200).<br /><br /><b>Other things to note</b><br />Upon arrival, the guest will be charged a local fee of CZK 50 per person / night","Entire rental unit in Prague 8, Czechia","['2 guests', '1 bedroom', '1 bed', '1 bath']","['Hair dryer', 'Shampoo', 'Body soap', 'Hot water', 'Shower gel', 'Washer', 'Essentials', 'Hangers', 'Bed linens', 'Room-darkening shades', 'Iron', 'Drying rack for clothing', 'Safe', 'Clothing storage', 'Ethernet connection', 'TV', 'Heating', 'Exterior security cameras on property', 'Smoke alarm', 'Carbon monoxide alarm', 'Fire extinguisher', 'Wifi', 'Kitchen', 'Refrigerator', 'Microwave', 'Cooking basics', 'Dishes and silverware', 'Mini fridge', 'Freezer', 'Induction stove', 'Hot water kettle', 'Coffee maker: Nespresso', 'Wine glasses', 'Dining table', 'Coffee', 'Elevator', 'Paid street parking off premises', 'Luggage dropoff allowed', 'Long term stays allowed', 'Self check-in', 'Smart lock']","['Rated 4.9 out of 5 stars for cleanliness', 'Rated 4.9 out of 5 stars for accuracy', 'Rated 4.9 out of 5 stars for check-in', 'Rated 4.9 out of 5 stars for communication', 'Rated 4.8 out of 5 stars for location', 'Rated 4.8 out of 5 stars for value']"
https://www.airbnb.com/rooms/35002675,"₴17,645 for 5 nights",Friendly apartments in Prague + Balcony #312,"We are offering beautiful, modern, cozy apartments in a city center. The flat was reconstructed in 6/2019. There is double bed, one sofa, TV, kitchen including dishes,  kettle, table, spacious bathroom with toilet, Wi-fi. Around flat are lots of pubs, restaurants, bars, markets etc. Metro and tram located 5 minutes from the apartment are 200 metres away. The Wencheslav square is 1.6 kilometres (10 min. by tram or by walk). Main train station is 10 min.","Entire rental unit in Žižkov, Czechia","['2 guests', '1 bedroom', '1 bed', '1 bath']","['Hair dryer', 'Shampoo', 'Hot water', 'Free washer – In unit', 'Essentials', 'Hangers', 'Iron', '40 inch HDTV with standard cable, Netflix', 'Heating', 'Smoke alarm', 'Carbon monoxide alarm', 'Wifi', 'Dedicated workspace', 'Kitchen', 'Refrigerator', 'Microwave', 'Cooking basics', 'Dishes and silverware', 'Stove', 'Oven', 'Private entrance', 'Patio or balcony', 'Elevator', 'Self check-in', 'Lockbox']","['Rated 4.7 out of 5 stars for cleanliness', 'Rated 4.8 out of 5 stars for accuracy', 'Rated 5.0 out of 5 stars for check-in', 'Rated 4.9 out of 5 stars for communication', 'Rated 4.8 out of 5 stars for location', 'Rated 4.8 out of 5 stars for value']"
https://www.airbnb.com/rooms/1592172478772303498,"₴18,666 for 5 nights, originally ₴33,539",Cute Apartment,"Welcome to our cute and cozy apartment in the heart of Prague 1, one of the most beautiful and historic areas of the city. This charming space is ideal for guests who want to experience Prague’s magic while enjoying comfort and privacy.<br /><br /><b>The space</b><br />The apartment is thoughtfully furnished and offers a comfortable sleeping area, a fully equipped kitchen, and a modern bathroom. Bright interiors and carefully selected details create a warm and welcoming atmosphere — perfect for relaxing after a day of sightseeing.<br /><br /><b>Guest access</b><br />The apartment is located in a historic building after a comprehensive reconstruction. Completely new and high quality furniture. Located within walking distance of major attractions such as the Old Town Square, Charles Bridge, and many cafés, restaurants, and shops, this apartment allows you to explore Prague easily and conveniently.<br /><br />Perfect for couples, solo travelers, or business guests looking for a stylish and comfortable stay in the very center of Prague.<br /><br />The apartment has everything:<br />Wi-Fi<br />Dishes<br />Iron<br />Dryer<br />Television<br />Tumble dryer<br />Ironing board","Entire rental unit in Prague 1, Czechia","['4 guests', '1 bedroom', '2 beds', '1 bath']","['Hair dryer', 'Cleaning products', 'Shampoo', 'Body soap', 'Hot water', 'Shower gel', 'Dryer', 'Bed linens', 'Iron', 'TV', 'Central heating', 'Smoke alarm', 'Carbon monoxide alarm', 'Wifi', 'Kitchen', 'Refrigerator', 'Microwave', 'Cooking basics', 'Dishes and silverware', 'Mini fridge', 'Freezer', 'Dishwasher', 'Other stove', 'Oven', 'Hot water kettle', 'Coffee maker', 'Wine glasses', 'Dining table', 'Coffee', 'Elevator', 'Host greets you']","['Rated 4.6 out of 5 stars for cleanliness', 'Rated 4.9 out of 5 stars for accuracy', 'Rated 4.4 out of 5 stars for check-in', 'Rated 4.9 out of 5 stars for communication', 'Rated 5.0 out of 5 stars for location', 'Rated 4.6 out of 5 stars for value']"
https://www.airbnb.com/rooms/929325950397327935,"₴29,056 for 5 nights",Stylish Apt. near Centre NEW,"Wonderful  newly refurbished apartment in Karlin, few minutes walk from historic Prague. You will experience popular district with famous cafés, restaurants and shops, as well as authentic places for locals. PERFECT LOCATION with vibes to discover Prague!<br /><br /><b>Other things to note</b><br />Starting March 1, 2026, a local tourist tax of 50 CZK per person, per night is not included in the booking price. In accordance with Czech law, all guests are also required to complete a short online registration form prior to arrival.<br />The secure online check-in and payment link will be sent to you two days before the arrival date along with the check-in instructions.<br /><br />We always provide one towel per guest per stay (stays 7 days long and shorter).<br /><br />We provide SELF CHECK-IN. Please note that our key pick up is located on different address than the apartment's (few minutes away by a tram).<br /> <br />For an unapproved late check-out will be charged 20 EUR. <br /><br />Quiet hours after 10pm, including loud music (rule violation - 200 EUR fine)! <br /><br />Strictly non-smoking (rule violation - 200 EUR fine)!<br /><br />Only guests stated during the booking process shall stay in the property.","Entire rental unit in Prague 8, Czechia","['4 guests', '1 bedroom', '2 beds', '1 bath']","['Hair dryer', 'Cleaning products', 'Shampoo', 'Body soap', 'Hot water', 'Shower gel', 'Essentials', 'Hangers', 'Bed linens', 'Iron', 'TV', 'Portable fans', 'Heating', 'Smoke alarm', 'Wifi', 'Dedicated workspace', 'Kitchen', 'Refrigerator', 'Microwave', 'Cooking basics', 'Dishes and silverware', 'Freezer', 'Dishwasher', 'Stove', 'Oven', 'Hot water kettle', 'Coffee maker: french press', 'Wine glasses', 'Toaster', 'Dining table', 'Coffee', 'Elevator', 'Self check-in', 'Lockbox']","['Rated 4.9 out of 5 stars for cleanliness', 'Rated 5.0 out of 5 stars for accuracy', 'Rated 4.2 out of 5 stars for check-in', 'Rated 4.8 out of 5 stars for communication', 'Rated 4.9 out of 5 stars for location', 'Rated 4.8 out of 5 stars for value']"
https://www.airbnb.com/rooms/35703646,"₴19,999 for 5 nights, originally ₴24,811",Stunning new 1 bedroom apt. in Prague centre,"Completely new one bedroom apartment located in a wonderful neighborhood of Vinohrady, a very popular part of Prague, 10 minutes walk to the Wenceslas square. Fully equipped, cozy apt. on the third floor of a charismatic house. A great place for couples or families. Free WiFi.<br /><br /><b>The space</b><br />The apartment is equipped with everything necessary for a comfortable stay for up to 4 people:<br /><br />Kitchen:<br />- fridge+freezer<br />- oven, stove <br />- dishwasher<br />- electric kettle<br />- kitchenware<br />- tea, coffee, sugar, salt<br />- cleaning products<br />- dining table and chairs <br /><br />Living area: <br />- folding sofa (very comfy sleeping for 2)<br />- TV w/satellite<br />- built-in closet for your clothes<br /><br />Bedroom:<br />- double bed<br />- nightstands with reading lamps<br /><br />Bathroom:<br />- shower<br />- sink<br />- wall mirror with good lighting, cupboard<br />- toilet<br />- hairdryer<br />- towels (1 big and 1 small per person)<br />- iron on request prior your arrival<br /><br /><b>Guest access</b><br />The apartment is fully available to guests.<br /><br /><b>Other things to note</b><br />The apartment is located on the 3rd floor. There is no elevator in the building.<br /><br />● Smoking is prohibited in the apartment!<br />● It is also forbidden to make noise after 22:00.<br />● If you are interested in further information, please do not hesitate to contact me.","Entire rental unit in Prague 2, Czechia","['4 guests', '1 bedroom', '1 bed', '1 bath']","['Hair dryer', 'Cleaning products', 'Shampoo', 'Body soap', 'Hot water', 'Shower gel', 'Essentials', 'Hangers', 'Bed linens', 'Room-darkening shades', 'Clothing storage', 'TV', 'Pack ’n play/Travel crib - available upon request', 'Portable fans', 'Heating', 'Exterior security cameras on property', 'Wifi', 'Kitchen', 'Refrigerator', 'Microwave', 'Cooking basics', 'Dishes and silverware', 'Freezer', 'Dishwasher', 'Induction stove', 'Oven', 'Hot water kettle', 'Coffee maker: french press', 'Wine glasses', 'Toaster', 'Dining table', 'Coffee', 'Private entrance', 'Laundromat nearby', 'Long term stays allowed', 'Self check-in', 'Smart lock']","['Rated 4.9 out of 5 stars for cleanliness', 'Rated 4.9 out of 5 stars for accuracy', 'Rated 4.9 out of 5 stars for check-in', 'Rated 4.9 out of 5 stars for communication', 'Rated 4.8 out of 5 stars for location', 'Rated 4.8 out of 5 stars for value']"
https://www.airbnb.com/rooms/1188539968366424572,"₴30,094 for 5 nights, originally ₴36,372",Romantic apartment for two - N17,"Modern studio tucked away on a quiet street in central Prague. Enjoy a private balcony, sleek shower bathroom, and everything you need for a comfortable stay just minutes from the city's main attractions.<br /><br /><b>The space</b><br />Welcome to your cozy city retreat!<br />This bright and modern studio apartment is located in Nekázanka, just steps from Prague’s historic center, Wenceslas Square, and countless cafés, shops, and cultural spots.<br /><br />🛏️ The studio features a comfortable sleeping area, a private bathroom with a shower, and a small balcony where you can enjoy your morning coffee or a glass of wine in the evening.<br /><br />☕ A compact kitchenette is equipped with the essentials for light cooking.<br /><br />🚶‍♂️ Perfect for solo travelers, couples, or business guests looking to explore Prague on foot from a central and quiet location.<br /><br />Amenities:<br />- Free Wi-Fi<br />- Shower bathroom<br />- Small private balcony<br />- Kitchenette<br />- Fresh linens & towels<br />- Elevator access<br />- Central location<br /><br />The apartment is equipped with everything necessary for your comfortable stay :<br />+Coffee machine - Nespresso (capsules are not provided, you can buy them in shops)<br />+Kettle<br />+Toaster<br />+Oven <br />+Different dishes, pots, cups, glasses<br />+Iron and ironing board <br />+Hair dryer<br />+Free usage of coffee, herbal teas, sugar, salt, etc.<br />+Washing machine (LAUNDRY GEL IS NOT PROVIDED)<br />+Child seat on request<br />+Baby travel cot (you need to bring your own bed linen) on request<br />+Baby high chair on request No<br /><br /><b>Guest access</b><br />You’ll have full access to the entire house.<br /><br />We're committed to making your stay as enjoyable as possible, and your preferences truly matter in helping us achieve that.<br /><br />Please don’t hesitate to contact me at any time during your stay.<br /><br /><b>Other things to note</b><br />House Rules & Important Information<br /><br />Our apartment is regularly maintained and cleaned to high standards.<br />Please help us keep it that way by maintaining order during your stay and reporting any issues or concerns you may experience.<br /><br />🚫 Please avoid bringing food or dirty items into the bed area.<br />Excessive stains or damage to bed linens and towels may result in an extra cleaning fee.<br /><br />🔇 Be respectful of neighbors.<br />Avoid loud noise, unruly behavior, or disturbances, especially in shared spaces.<br /><br />👥 Guest Policy:<br />The apartment has a strict maximum occupancy limit.<br />Visitors are welcome, but overnight stays by unregistered guests are not allowed.<br /><br />🚨 Strict Rules (Penalty: €100 for violations)<br /><br />- Quiet hours after 10:00 PM<br />- No smoking<br />- No parties or events inside the unit<br /><br />💰 Tourist Tax Notice:<br />A compulsory city tax of 50 CZK per person per night must be paid by guests upon arrival.","Entire rental unit in Prague 1, Czechia","['2 guests', '1 bedroom', '1 bed', '1 bath']","['Hair dryer', 'Cleaning products', 'Shampoo', 'Hot water', 'Shower gel', 'Washer', 'Hangers', 'Iron', 'Clothing storage', 'Crib - available upon request', 'High chair - available upon request', 'Portable fans', 'Heating', 'Smoke alarm', 'Carbon monoxide alarm', 'Fire extinguisher', 'Wifi', 'Dedicated workspace', 'Kitchen', 'Refrigerator', 'Microwave', 'Cooking basics', 'Dishes and silverware', 'Induction stove', 'Hot water kettle', 'Wine glasses', 'Luggage dropoff allowed', 'Self check-in', 'Smart lock']","['Rated 4.9 out of 5 stars for cleanliness', 'Rated 5.0 out of 5 stars for accuracy', 'Rated 5.0 out of 5 stars for check-in', 'Rated 4.9 out of 5 stars for communication', 'Rated 5.0 out of 5 stars for location', 'Rated 4.9 out of 5 stars for value']"
https://www.airbnb.com/rooms/901367823370064121,"₴28,520 for 5 nights, originally ₴33,552",Under the Charles Bridge: Kampa Island Hideaway,"Experience the allure of Old Town Prague from our elegant apartment nestled right under the Charles Bridge on Kampa Island. This bright central residence is located in a historic building that effortlessly blends classic charm with modern comforts<br />Just minutes away on foot, you'll find the Old Town Square and the majestic Prague Castle. Despite its central location on the banks of Vltava river, our home offers a serene retreat, with windows overlooking a tranquil square and verdant Kampa Park<br /><br /><b>The space</b><br />Our apartment consists of:<br /><br />Living room with a dining table and a SMART TV<br />Comfortable fold-out sofa<br />Master bedroom KING-size bed<br />Bathroom with a standing shower and a toilet<br />Fully equipped kitchen (cooker, oven, dishwasher, toaster, Nespresso machine, fridge, pots and pans, rice cooker etc.)<br /><br /><br />Sleeping arrangements:<br />Master bedroom with KING SIZE bed<br />Fold-out sofa in the living room<br />Maximum capacity: 4 guests<br /><br />The apartment is fully and comfortably equipped, as you can see in the photos; best features are:<br />- High-Speed internet <br />- Comfortable KING-SIZE bed <br />- Comfortable fold-out sofa<br />-Fully equipped kitchen (cooker, toaster, oven, Nespresso machine, fridge, rice cooker etc.)<br />- Bathroom amenities (hair dryer, soap, shower gel, washing capsules etc.)<br />- Washer<br />- Tea, coffee and cooking basics<br /><br /><b>Guest access</b><br />The apartment is completely private<br /><br /><b>Other things to note</b><br />Please note that upon arrival, we will need to collect the mandatory city tourist fee, which is 50 czk/per person/night, and the mandatory city+foreign police registration, which is required by law. We cannot allow access to the apartment without the forms being filled up and the fee paid. We will send you a payment link for the fee and a link for both registrations. Thanks in advance!","Entire rental unit in Prague 1, Czechia","['4 guests', '1 bedroom', '2 beds', '1 bath']","['Park view', 'Bathtub', 'Hair dryer', 'Cleaning products', 'Shampoo', 'Conditioner', 'Body soap', 'Hot water', 'Shower gel', 'Free washer – In unit', 'Essentials', 'Hangers', 'Bed linens', 'Room-darkening shades', 'Iron', 'Drying rack for clothing', 'Clothing storage: closet', 'TV', 'Books and reading material', 'Crib - available upon request', 'Pack ’n play/Travel crib', 'Folding or convertible high chair - available upon request', 'Children’s dinnerware', 'Portable fans', 'Central heating', 'Smoke alarm', 'Carbon monoxide alarm', 'Fire extinguisher', 'First aid kit', 'Wifi', 'Kitchen', 'Refrigerator', 'Cooking basics', 'Dishes and silverware', 'Freezer', 'Dishwasher', 'Whirlpool induction stove', 'Whirpool single oven', 'Hot water kettle', 'Coffee maker: french press, Nespresso', 'Wine glasses', 'Toaster', 'Baking sheet', 'Rice maker', 'Dining table', 'Coffee', 'Long term stays allowed', 'Self check-in', 'Lockbox']","['Rated 4.9 out of 5 stars for cleanliness', 'Rated 4.9 out of 5 stars for accuracy', 'Rated 5.0 out of 5 stars for check-in', 'Rated 5.0 out of 5 stars for communication', 'Rated 5.0 out of 5 stars for location', 'Rated 4.9 out of 5 stars for value']"
https://www.airbnb.com/rooms/44211728,"₴24,337 for 5 nights, originally ₴27,094",Charm Apt in Baroque House surrounded w/Nature fix,A stylish 1 bedroom apartment in a super location right by the Vltava river in a historical Baroque style building from the 18th century with a garden/courtyard and a terrace viewing the castle!<br /><br /><b>The space</b><br />The apartment is completely renovated in 2023. It is like brand new.<br /><br /><b>Guest access</b><br />Entire apartment will be truly yours during the stay.,"Entire condo in Prague, Czechia","['3 guests', '1 bedroom', '1 bed', '1 bath']","['Hair dryer', 'Shampoo', 'Hot water', 'Shower gel', 'Free washer – In building', 'Free dryer – In building', 'Essentials', 'Hangers', 'Bed linens', 'Iron', 'Portable fans', 'Heating', 'Smoke alarm', 'Carbon monoxide alarm', 'Fire extinguisher', 'Wifi', 'Kitchen', 'Refrigerator', 'Microwave', 'Dishes and silverware', 'Stove', 'Hot water kettle', 'Coffee maker: drip coffee maker, espresso machine', 'Wine glasses', 'Coffee', 'Private entrance', 'Shared patio or balcony', 'Shared backyard – Fully fenced', 'Paid parking garage off premises', 'Luggage dropoff allowed', 'Self check-in', 'Lockbox']","['Rated 4.8 out of 5 stars for cleanliness', 'Rated 4.8 out of 5 stars for accuracy', 'Rated 4.9 out of 5 stars for check-in', 'Rated 4.9 out of 5 stars for communication', 'Rated 5.0 out of 5 stars for location', 'Rated 4.7 out of 5 stars for value']"
https://www.airbnb.com/rooms/1390407589498012996,"₴22,317 for 5 nights",Prague Designer Petite Stay | near Vltava River,"Discover this petite little gem, thoughtfully designed for maximum comfort with ample storage space and a homey atmosphere.<br /><br />• Accommodates up to 4 guests<br />• Unique design and ambiance<br />• Close to the Vltava River and the lively Náplavka Riverbank – a perfect spot for summer relaxation and fun. - highly recommended!<br />• Barrier-free access, plenty of storage space, and a fully equipped kitchenette<br /><br />Guests can enjoy free internet and Netflix.<br /><br /><b>The space</b><br />This newly renovated studio near the Vltava River offers the perfect combination of comfort and style, making it an ideal retreat for your stay. The bright living space features a kitchenette and a cozy, fully furnished bedroom with a height of 170 cm, ensuring you feel right at home. With an open design that lets natural light fill the space, the apartment creates a warm, inviting atmosphere. Whether you're unwinding after a day of sightseeing or catching up on work with free WiFi, this studio provides everything you need for a relaxing and enjoyable stay.<br /><br />-Basic amenities (salt, sugar, oil)<br />-Necessities (towels, clean linens, soap, hairdryer, washing machine with detergents, ironing board and iron, clothes drying rack)<br />-Free Internet <br />-Fully equipped kitchen including coffee maker and toaster<br />-Brand new bathroom with toilet<br /><br /><b>Guest access</b><br />The entire apartment is exclusively for our guests, ensuring complete privacy. You are welcome to fully enjoy and make use of all the rooms during your stay.<br /><br /><b>Other things to note</b><br />All guests are required to complete a simple online registration form and pay the city tax before arrival, in compliance with Czech law. We will send you a link to complete the registration online.<br /><br />? Smoking inside the apartment is strictly prohibited. Any evidence of smoking will result in a €100 fee.<br /><br />Our working hours are from 9:00 to 17:00. Before 17:00, only lost keys are subject to a €100 fee. After 17:00, our shift ends, and any assistance related to keys (including loss, lockouts, or any other issues) is subject to a €100 fee.<br /><br />In special cases, we may not always be able to assist with door openings. If necessary, a locksmith will have to be called at the guest’s expense, as we do not cover locksmith services.<br /><br />If you have any questions, feel free to reach out. We hope you have a wonderful stay in Prague!","Entire condo in Prague 5, Czechia","['3 guests', '1 bedroom', '2 beds', '1 bath']","['Hair dryer', 'Cleaning products', 'Shampoo', 'Body soap', 'Hot water', 'Shower gel', 'Washer', 'Essentials', 'Hangers', 'Bed linens', 'Room-darkening shades', 'Iron', 'Drying rack for clothing', 'Clothing storage', 'TV', 'Pack ’n play/Travel crib - available upon request', 'Standalone high chair - available upon request', 'Heating', 'Wifi', 'Dedicated workspace', 'Kitchen', 'Refrigerator', 'Microwave', 'Cooking basics', 'Dishes and silverware', 'Freezer', 'Dishwasher', 'Other stove', 'Oven', 'Hot water kettle', 'Coffee maker', 'Wine glasses', 'Toaster', 'Baking sheet', 'Dining table', 'Private entrance', 'Elevator', 'Long term stays allowed', 'Self check-in', 'Lockbox']","['Rated 4.8 out of 5 stars for cleanliness', 'Rated 4.8 out of 5 stars for accuracy', 'Rated 4.6 out of 5 stars for check-in', 'Rated 4.9 out of 5 stars for communication', 'Rated 4.6 out of 5 stars for location', 'Rated 4.7 out of 5 stars for value']"
https://www.airbnb.com/rooms/1544122239361608918,"₴31,125 for 5 nights, originally ₴34,584",The Botanist | Stylish Studio in Old Town,"A bright, modern 30 m² studio ideal for solo travelers or couples. It features a king-size bed, bathroom with walk-in shower, fully equipped kitchenette, Smart TV, high-speed Wi-Fi, and climate control. Sofa is only available in some rooms. Perfect for short or extended stays.<br /><br /><b>The space</b><br />A stylish retreat in the very heart of Prague, designed for couples and solo travelers who want beauty, comfort, and unforgettable atmosphere. Step outside and you are moments from Old Town Square, Wenceslas Square, and the Estates Theatre - where Mozart’s Don Giovanni premiered. Everything you want to see and experience is right at your doorstep.<br /><br />The Botanist is our newest professionally curated residence (opening summer 2025), set within a building whose Gothic foundations date back to the 13th century and later Renaissance reconstruction. We restored the space with thoughtful detail - hand-selected glasswork, custom chandeliers, and contemporary original art by Czech visual artist Barbora Balgová. The result is an elegant harmony of history and modern design.<br /><br />What you’ll love:<br />> A private and beautifully styled space designed with comfort and calm in mind<br />> Enjoy access to a peaceful shared courtyard garden - a perfect spot to relax and unwind.<br />> Walk-everywhere location - no need for taxis or transit unless you want them<br />> A unique cultural setting beside one of Prague’s most historic theatres<br /><br />We are easily reached by Uber/Bolt or metro (Můstek station is a 2-minute walk).<br /><br />We’re fully digital, with no reception or staff on-site.<br />Before arrival, please complete your guest registration (ID scan and selfie, as required by Czech law).<br /><br />Your personal 6-digit access code will be sent 24 hours before check-in, and from 15:00 onwards you’re free to arrive anytime that suits you.<br />Use your smart lock code to enter both the building and your apartment.<br /><br />During your stay, our Customer Care Team is available 24/7 for any questions or assistance via phone, WA, or email.<br /><br />If you’re dreaming of a Prague stay that feels both deeply local and beautifully designed, this is the place to make that memory real.<br /><br /><b>Guest access</b><br />Guest have access to the whole apartment.<br /><br /><b>Other things to note</b><br />Parking Near The Botanist<br />> For a hassle-free stay, we recommend using Mr.Parkit, a reliable and well-rated garage service with locations throughout Prague.<br />> Garage - National Theatre,  CZK 960.00 /(EUR ~40) per day<br /><br />Luggage storage<br />> We recommend using international and trusted providers such as Stasher and Radical Storage for easy and reliable options near our property.","Entire rental unit in Prague 1, Czechia","['2 guests', '1 bedroom', '1 bed', '1 bath']","['Hair dryer', 'Shampoo', 'Conditioner', 'Hot water', 'Shower gel', 'Essentials', 'Hangers', 'Bed linens', 'Iron', 'Safe', 'Clothing storage', 'TV', 'Air conditioning', 'Heating', 'Smoke alarm', 'Wifi', 'Kitchen', 'Refrigerator', 'Microwave', 'Cooking basics', 'Dishes and silverware', 'Stove', 'Hot water kettle', 'Coffee maker', 'Wine glasses', 'Toaster', 'Dining table', 'Long term stays allowed', 'Self check-in', 'Keypad']","['Rated 4.8 out of 5 stars for cleanliness', 'Rated 4.8 out of 5 stars for accuracy', 'Rated 4.8 out of 5 stars for check-in', 'Rated 4.8 out of 5 stars for communication', 'Rated 5.0 out of 5 stars for location', 'Rated 4.9 out of 5 stars for value']"
https://www.airbnb.com/rooms/1691875956528822039,"₴11,036 for 5 nights",Central Room by Main Station · Walk Everywhere,"Welcome to Station Stay Prague – the easiest base for travelers. We are right next to the Main Station with direct airport bus, metro, trams, and international trains at your door, making arrivals and departures simple. Walk to Wenceslas Square in 5 mins and Old Town in 15. Stay in a private room with shared kitchen, 2 showers and 2 extra toilets. Please read the full space description before booking to ensure the layout and facilities match your expectations<br /><br /><b>The space</b><br />Positives<br /><br />- Comfortable private room in a central, well-connected location, perfect for exploring the city.<br /><br />-Opportunity to meet other travelers or residents, creating a friendly and social atmosphere.<br />Budget-friendly option compared to a full private apartment, while still ensuring privacy in your own room.<br /><br />- Secure entry to the building and apartment.<br />Possibility to leave bags before check-in or after check-out for convenience (not supervised, so at your own risk — please don’t leave expensive items).<br /><br />Potential Negatives (to set your expectations clearly)<br /><br />- 9 rooms share 2 showers, 2 toilets, and 1 kitchen.<br />Since it’s a shared apartment, some common areas (kitchen, bathroom, hallway) are used by others. Guests should be comfortable with this.<br />- Noise may occasionally be heard from flat mates or neighboring apartments, depending on their schedules.<br />- Kitchen and bathroom are shared, so cleanliness depends on everyone’s cooperation (though regular cleaning is arranged).<br />- The apartment is not a luxury hotel — furnishings and layout are practical and homely rather than upscale.","Private room in rental unit in Prague 1, Czechia","['2 guests', '1 bedroom', '1 bed', '2 shared baths']","['Hair dryer', 'Hot water', 'Heating', 'Exterior security cameras on property', 'Smoke alarm', 'Carbon monoxide alarm', 'Fire extinguisher', 'First aid kit', 'Wifi', 'Kitchen', 'Microwave', 'Dishes and silverware', 'Mini fridge', 'Stove', 'Hot water kettle', 'Paid parking on premises', 'Self check-in', 'Keypad']",[]
https://www.airbnb.com/rooms/1597242814927916147,"₴20,516 for 5 nights",Open & Bright 1BR Apartment | Smart TV | Workspace,"The apartment is ideal for solo travelers, couples or families! It has an excellent public transport connections, Prague’s city center is easily and quickly accessible by tram!<br /><br />The apartment comfortably accommodates up to four guests. It features one separate bedroom and a sofa bed! :)<br /><br /><b>The space</b><br />⭐separate bedroom ⭐excellent public transport connections ⭐dedicated workspace ⭐easy self check-in ⭐fully equipped kitchen ⭐coffee machine ⭐elevator ⭐washer & dryer <br /><br />This thoughtfully designed apartment offers the perfect balance of comfort and functionality. It features one cozy bedroom with a queen-size bed. The living room includes a comfortable sofa that easily converts into an additional full-size sleeping space, which is perfect for couples, families, or friends traveling together. The apartment has a fully equipped kitchen where you can comfortably prepare meals at home. The living area is designed to create an open, welcoming atmosphere. The bathroom is modern and fully equipped, ensuring a comfortable stay from start to finish.<br /> Everything is newly furnished and designed to make guests feel truly at home! :)<br /><br /><b>Guest access</b><br />The entire apartment is ONLY yours and you can enjoy a complete privacy!<br /><br />Please note: To reach the elevator, you have to always climb up about 10 steps on the ground floor. Please take this into consideration before booking.<br /><br /><b>Other things to note</b><br />Please note: To reach the elevator, you have to always climb up about 10 steps on the ground floor. Please take this into consideration before booking. <br /><br />Kindly be informed that as per legal regulations, we are required to register all guests and collect a city tax of 50 CZK per person per night. We will send you a payment link shortly before your stay or we settle it during check-in. Please note that this includes a small processing fee. In case of cancellation, please understand that this transaction fee is non-refundable. Thank you for your understanding!<br /><br />The fee must be paid upon check-in. We will transfer the collected amount to the City Council. Payment options: credit/debit card, Google Pay, Apple Pay.<br /><br />Thank you for your understanding and cooperation!","Entire rental unit in Prague 5, Czechia","['4 guests', '1 bedroom', '2 beds', '1 bath']","['Hair dryer', 'Cleaning products', 'Shampoo', 'Hot water', 'Shower gel', 'Washer', 'Dryer', 'Essentials', 'Hangers', 'Bed linens', 'Extra pillows and blankets', 'Room-darkening shades', 'Iron', 'Drying rack for clothing', 'Clothing storage', 'TV with Netflix', 'Books and reading material', 'Pack ’n play/Travel crib', 'High chair', 'Baby bath', 'Changing table', 'Babysitter recommendations', 'Heating', 'Smoke alarm', 'Fire extinguisher', 'First aid kit', 'Wifi', 'Dedicated workspace', 'Kitchen', 'Refrigerator', 'Microwave', 'Cooking basics', 'Dishes and silverware', 'Freezer', 'Dishwasher', 'Stove', 'Oven', 'Hot water kettle', 'Coffee maker', 'Wine glasses', 'Toaster', 'Baking sheet', 'Blender', 'Dining table', 'Coffee', 'Private entrance', 'Elevator', 'Paid street parking off premises', 'Long term stays allowed', 'Self check-in', 'Smart lock']","['Rated 5.0 out of 5 stars for cleanliness', 'Rated 4.8 out of 5 stars for accuracy', 'Rated 4.8 out of 5 stars for check-in', 'Rated 5.0 out of 5 stars for communication', 'Rated 4.8 out of 5 stars for location', 'Rated 4.8 out of 5 stars for value']"
https://www.airbnb.com/rooms/1563086898008860967,"₴16,964 for 5 nights, originally ₴20,941",Architectural apartment under the Žižkov Tower,"• Architect-designed apartment with custom furnishings<br />• Separate bedroom + spacious living room with kitchen and dining area<br />• Fully equipped modern kitchen<br />• The apartment is located on the 3rd floor with no elevator.<br />• Elegant bathroom with all essentials<br />• Historic building<br />• Authentic atmosphere in the lively Žižkov neighborhood<br /><br /><b>The space</b><br />The apartment is located on the third floor of a historic house without an elevator. <br />It is a two-room layout: Living room with kitchen and dining area and separate bedroom. <br />You enter the hallway, from where the bathroom with toilet is accessible. The hallway is separated from the living room by a sliding door. There's a shoe rack, hangers and a stool in the hallway. On the right side of the hallway is a closet for storing coats and suitcases.<br />The living room has a sofa, TV, dining table and kitchenette. The kitchen is equipped with a fridge, freezer, dishwasher, induction hob and oven, which also has a microwave heating function. A kettle and Nespresso coffee machine are available. <br />The bedroom is accessible from the living room through a sliding door. The bedroom has a double bed 160 cm wide, on the right side there is a built-in wardrobe for storing clothes. Under the window is a desk with a chair.<br /><br /><b>Guest access</b><br />The apartment is located on the 3rd floor without elevator.","Entire condo in Prague 3, Czechia","['3 guests', '1 bedroom', '1 bed', '1 bath']","['Hair dryer', 'Shampoo', 'Conditioner', 'Body soap', 'Hot water', 'Shower gel', 'Essentials', 'Hangers', 'Bed linens', 'Extra pillows and blankets', 'Clothing storage: closet', 'Exterior security cameras on property', 'Smoke alarm', 'Fire extinguisher', 'First aid kit', 'Wifi', 'Dedicated workspace', 'Kitchen', 'Refrigerator', 'Microwave', 'Cooking basics', 'Dishes and silverware', 'Freezer', 'Dishwasher', 'Stove', 'Hot water kettle', 'Coffee maker: Nespresso', 'Wine glasses', 'Dining table', 'Self check-in', 'Lockbox']","['Rated 4.9 out of 5 stars for cleanliness', 'Rated 5.0 out of 5 stars for accuracy', 'Rated 5.0 out of 5 stars for check-in', 'Rated 5.0 out of 5 stars for communication', 'Rated 4.7 out of 5 stars for location', 'Rated 4.9 out of 5 stars for value']"
https://www.airbnb.com/rooms/653443290222779313,"₴29,938 for 5 nights",Wenceslas Square - studio in the city center,"Enjoy a luxurious attic apartment in the heart of Prague. In a quiet area, less than two minutes from Wenceslas Square and 15 minutes from Old Town Square. The apartment offers all the comforts of home that you may need on your business trip or vacation. If you need any help, we are available!<br /><br /><b>The space</b><br />The apartment is located on the 4th floor without an elevator. You will be rewarded with a cozy, very quiet space in the heart of an otherwise busy city.<br /><br />If you book an apartment for two people and wish to sleep separately, please let us know in advance and we will also prepare a sofa bed for you.<br /><br /><b>Other things to note</b><br />As with any other accommodation in the Czech Republic, in accordance with local laws, we will ask you to fill in basic personal data about you and your fellow guests before your check-in.","Entire rental unit in Prague 1, Czechia","['4 guests', 'Studio', '2 beds', '1 bath']","['Hair dryer', 'Cleaning products', 'Shampoo', 'Body soap', 'Hot water', 'Shower gel', 'Free washer – In unit', 'Free dryer – In unit', 'Essentials', 'Hangers', 'Bed linens', 'Iron', 'Clothing storage: closet', 'Ethernet connection', 'TV', 'Books and reading material', 'Air conditioning', 'Heating', 'Smoke alarm', 'Carbon monoxide alarm', 'Fire extinguisher', 'Fast wifi – 67 Mbps', 'Kitchen', 'Refrigerator', 'Microwave', 'Cooking basics', 'Dishes and silverware', 'Freezer', 'Dishwasher', 'Electric stove', 'Oven', 'Hot water kettle', 'Coffee maker: Nespresso', 'Wine glasses', 'Baking sheet', 'Dining table', 'Coffee', 'Paid street parking off premises', 'Long term stays allowed', 'Self check-in', 'Lockbox']","['Rated 4.9 out of 5 stars for cleanliness', 'Rated 5.0 out of 5 stars for accuracy', 'Rated 4.9 out of 5 stars for check-in', 'Rated 5.0 out of 5 stars for communication', 'Rated 5.0 out of 5 stars for location', 'Rated 4.9 out of 5 stars for value']"
https://www.airbnb.com/rooms/1242858133588129924,"₴22,776 for 5 nights, originally ₴25,652",Studio w/Netflix and King-size bed in Old Town,"Welcome to your apartment serviced by Prague Days.<br />​​• Close to vibrant food and nightlife scene, beautiful riverside and park with views of Prague skyline<br />​​• Ideally located and fully equipped studio apartment promises you a memorable city break<br />​​• King-size bed, Blackout curtains, Netflix, Strong Wi-fi<br /><br /><b>The space</b><br />Perfectly situated within walking distance of the vibrant city center yet in a quiet riverside location, this thoughtfully designed space is ideal for couples or solo travelers looking for an unforgettable city break. Enjoy a restful stay with Netflix, blackout curtains, and super comfortable bedding while you have the city at your fingertips.<br />✓ Strong Wi-fi<br />✓  Blackout curtains for a restful sleep<br />✓ Ample storage space to keep your belongings organized<br /><br />STUDIO<br />The studio features a plush king-size bed, a fully equipped kitchenette, and a bathroom with a separate toilet. Stash your clothes in the storage spaces, read the next chapter of your favorite book, or catch up on the latest episode of your favorite Netflix show, and end the day with a restful night's sleep in the comfortable bed.<br />✓ TV with Netflix<br />✓ King-size bed<br />✓ Blackout curtains<br />✓ Storage space<br /><br />KITCHEN<br />The practically-designed kitchenette offers space for your basic cooking needs. <br />✓ Kitchen equipped with glass ceramic hob, Nespresso Coffee machine, fridge, freezer, and all the essential kitchen equipment you need to feel at home<br />✓ Nespresso machine with complimentary specialty coffee capsules<br /><br />BATHROOM<br />Enjoy the convenience of a bathroom and separate toilet to speed up the morning routine. Treat yourself to the well-lit mirror and shower for a refreshing morning routine.<br />✓ Shower<br />✓ Mirror<br />✓ Eco-friendly toiletries<br />✓ Hairdryer, iron, ironing board, washing machine<br /><br /><b>Guest access</b><br />The whole apartment will be yours during the stay!<br /><br /><b>Other things to note</b><br />1. GUEST REGISTRATION AND CITY TAX<br />In accordance with the legal obligations imposed by the Police of the Czech Republic and the City of Prague, all guests are required to complete a simple online registration form and pay a city tax of CZK 50 per person per night of stay. This payment must be made prior to check-in via online payment after completing the registration form.<br /><br />2. CHECK-IN<br />We offer several check-in options to meet your needs including flexible online self check-in. This type of check-in is possible if you complete the registration form 24 hours prior to your arrival. <br /><br />3. GUEST COUNT<br />Make sure to always book for the correct number of guests. If you wish for separate beds or bedrooms, let us know at least 1 day before your arrival. Extra bedding and towels after check-in can be provided for a fee of 150 CZK per set, with a minimum of 2 sets per delivery.<br /><br />4. EXTRA SERVICES<br />As Prague Days, we offer multiple types of services to make your stay as comfortable as possible. For a small fee, we can, among other things, offer you:<br />	• Personal check-in with one of our colleagues at the apartment’s address<br />	• Extra set of keys<br /><br />If you are interested in any of the above, don t hesitate to contact us for more information.","Entire serviced apartment in Prague 1, Czechia","['2 guests', 'Studio', '1 bed', '1 bath']","['Hair dryer', 'Cleaning products', 'Shampoo', 'Body soap', 'Hot water', 'Shower gel', 'Free washer – In unit', 'Essentials', 'Hangers', 'Bed linens', 'Room-darkening shades', 'Iron', 'Drying rack for clothing', 'Clothing storage', 'TV', 'Paid crib - available upon request', 'Paid pack ’n play/travel crib - available upon request', 'Heating', 'Wifi', 'Kitchen', 'Microwave', 'Cooking basics', 'Dishes and silverware', 'Freezer', 'Stove', 'Hot water kettle', 'Coffee maker', 'Wine glasses', 'Dining table', 'Coffee', 'Elevator', 'Paid street parking off premises', 'Long term stays allowed', 'Self check-in', 'Lockbox']","['Rated 4.8 out of 5 stars for cleanliness', 'Rated 4.9 out of 5 stars for accuracy', 'Rated 4.9 out of 5 stars for check-in', 'Rated 4.9 out of 5 stars for communication', 'Rated 5.0 out of 5 stars for location', 'Rated 4.8 out of 5 stars for value']"
https://www.airbnb.com/rooms/1120475426615334143,"₴23,147 for 5 nights, originally ₴29,483",Nice specious apartment for 2-4 people,"Cozy apartment in a residential location, all you need is right here. Cool coffee shops right behind the corner or 3 minutes of walking. Near our apartment you can also find the beautiful Havlíčkovy sady park with a view, a cinema or other activities.<br /><br />Direct tram connection to the Old Town, Prague Castle and many and many other tourist attractions.<br /><br />The whole apartment is just for you...<br /><br /><b>The space</b><br />This newly renovated and fully equipped two-room apartment with a kitchenette will easily make you feel at home. It is ideal for 2 guests, however it can accommodate up to 4.<br /><br />● accommodates up to 4 guests<br />● cozy bright apartment<br />● minimalistic design with retro elements<br /><br />Living room/ kitchen:<br />● a comfortable sofa bed with a fully equipped modern kitchen.<br />● kitchenette with induction hob, fridge with freezer<br />● French Press<br />● combined oven with microwave oven<br />● dishwasher<br />● electric kettle<br />● tea, coffee, sugar, salt<br />● large smart TV<br />● comfortable sofa bed for 2 people<br /><br />Bedroom:<br />In addition to a very comfortable bed, our bedroom also offers storage space and a comfortable chair for reading :) It is also equipped with blackout curtains, which will allow you to sleep undisturbed.<br />● comfortable Double Bed<br />● storage spaces<br />● the possibility of renting a baby cot (on order before arrival)<br />● possibility of renting an ironing board + iron (on order before arrival)<br /><br />Bathroom:<br />We have a designer bathroom with a heated floor, a large mirror, a spacious shower and everything you need for your personal comfort.<br />● large shower<br />● heated floor<br />● hair dryer<br />● toiletries<br />● wall mirror with good lighting<br />● toilet<br />● towels (1 large and 1 small per person)<br /><br /><b>Guest access</b><br />The apartment is fully available to guests.<br /><br /><b>Other things to note</b><br />The apartment is located on the ground floor.<br /><br />● Smoking is prohibited in the apartment!<br />● It is also forbidden to make noise after 22:00.<br />● If you are interested in further information, please do not hesitate to contact me.","Entire rental unit in Prague 10, Czechia","['4 guests', '1 bedroom', '1 bed', '1 bath']","['Hair dryer', 'Cleaning products', 'Shampoo', 'Body soap', 'Hot water', 'Shower gel', 'Essentials', 'Hangers', 'Bed linens', 'Room-darkening shades', 'Iron', 'Clothing storage', 'TV', 'Pack ’n play/Travel crib - available upon request', 'Portable fans', 'Heating', 'Wifi', 'Kitchen', 'Refrigerator', 'Microwave', 'Cooking basics', 'Dishes and silverware', 'Freezer', 'Dishwasher', 'Stove', 'Oven', 'Hot water kettle', 'Coffee maker', 'Wine glasses', 'Toaster', 'Baking sheet', 'Dining table', 'Coffee', 'Private entrance', 'Laundromat nearby', 'Long term stays allowed', 'Self check-in', 'Smart lock']","['Rated 4.9 out of 5 stars for cleanliness', 'Rated 4.9 out of 5 stars for accuracy', 'Rated 5.0 out of 5 stars for check-in', 'Rated 4.9 out of 5 stars for communication', 'Rated 4.9 out of 5 stars for location', 'Rated 4.8 out of 5 stars for value']"
https://www.airbnb.com/rooms/848618699549785310,"₴33,914 for 5 nights, originally ₴41,311",Royal Residence Apartments in the Heart of Prague,"We would like to invite you in our Royal Residence Apartment in the heart of Prague which is within 5-10 min walking from Old Town Square, Charles Bridge and Wenceslas Square.<br /><br />This modern apartment in unique style is perfectly suited for business trip, couples or families. Located in a luxury residence with 24/7 reception includes: fully equipped modern kitchen, modern bathroom and luxury equipped rooms with windows unit air-condition. <br /><br />It will be our pleasure to be your host,  you are welcome<br /><br /><b>The space</b><br />Royal Residence Apartment is located at the ground floor of fully new modern residence with 24/7 reception in the heart of Prague city center. With an area of 70 square meters includes:- cozy living room in unique style with modern sofa and comfortable double bed, unique royal bedroom with a luxury queen bed, modern bathroom with toilet and another separate toilet, modern fully equipped kitchen and a small delightful balcony. The apartment has portable windows unit air-condition. Excellent WI-FI internet connection. All in one - unique place with all amenities offering enjoyable stay in the most beautiful and famous part of the city<br /><br /><b>Guest access</b><br />Before the arrival of the guest the apartment will always be prepared and clean, all that is written and what you see on the pictures can be used for your comfortable stay<br /><br /><b>Other things to note</b><br />- Late check in - free of charge;<br /><br />- City (toruist) tax - it is 50czk for each adult person per every night and will need to be paid separately on the arrival, it is not included in the totall accommodation price; <br /><br />- Please note that only the accommodation price for 1 or 2 guests is same and it is the base price, but for each extra guest above then 2 the price is different, the totall price can always be seen before you book the apartment when you add the exact number of guests;<br /><br />- Cleaning fee - free of charge (it is included in the price);<br /><br />- We can arrange taxi transport from/to the airport - 800 czech crowns in one way or 1500 czech crowns in both ways (round trip) for one car, from/to the bus or train station - 350 czech crowns in one way for one car. With two cars transport from/to the airport will be 1600czk in one way or 3000czk for arrangment in both ways (round trip);<br /><br />- We would be glad to recommend to our guests sightseeing tours, restaurants and the most famous places to visit in Prague;<br /><br />- Key delivery upon arrival - on the reception, it is working every day 24 hours;<br /><br />- We don't have luggage storrage as we have only few apartments in the building and the reception is totally different company, but they are providing luggage storrage service for a very fair amount (100czk);<br /><br />- Please note that we are obligated by the law to register every guest to the foreign police, it is a self online registration which is going through our fully protected system. The following personal details are required from each guest:<br /><br />- Name<br />- Surname<br />- Date of birth<br />- Passport number and from which country it is;<br />- Visa number (only for the guests who need visa for entering in EU);<br />- Permanent address of living (Country, city and street number);","Entire rental unit in Prague 1, Czechia","['4 guests', '1 bedroom', '2 beds', '1.5 baths']","['Bathtub', 'Hair dryer', 'Cleaning products', 'Shampoo', 'Body soap', 'Hot water', 'Shower gel', 'Free washer – In unit', 'Essentials', 'Hangers', 'Bed linens', 'Iron', 'Clothing storage: closet and wardrobe', '55 inch HDTV with Netflix, premium cable', 'Paid crib - available upon request', 'Paid folding or convertible high chair - available upon request', 'Portable air conditioning', 'Window AC unit', 'Portable fans', 'Central heating', 'Smoke alarm', 'Carbon monoxide alarm', 'First aid kit', 'Wifi', 'Dedicated workspace', 'Kitchen', 'Refrigerator', 'Cooking basics', 'Dishes and silverware', 'Freezer', 'Dishwasher', 'Stove', 'Oven', 'Hot water kettle', 'Coffee maker: drip coffee maker', 'Wine glasses', 'Dining table', 'Coffee', 'Long term stays allowed', 'Self check-in', 'Building staff', 'Cleaning available during stay']","['Rated 5.0 out of 5 stars for cleanliness', 'Rated 5.0 out of 5 stars for accuracy', 'Rated 5.0 out of 5 stars for check-in', 'Rated 5.0 out of 5 stars for communication', 'Rated 5.0 out of 5 stars for location', 'Rated 4.9 out of 5 stars for value']"
https://www.airbnb.com/rooms/1665215833641313714,"₴64,064 for 5 nights",Spacious 105 m² Apt • City Center by Station,"The apartment is located right in the centre of Prague, in one of the most attractive areas. Just a few minutes’ walk away, you will find the Main Station, Wenceslas Square, and other popular spots in the historic centre. In the immediate surroundings, you will find a wide selection of restaurants, cafés, and shops, so everything you need is right at your doorstep. Its excellent location makes it an ideal base for exploring Prague and enjoying pleasant evenings in the lively city centre.<br /><br /><b>The space</b><br />This spacious apartment offers a comfortable base for your stay in the centre of Prague and is a great choice for families and larger groups of friends. The layout includes four separate bedrooms, a living room with a loft with a low ceiling, a kitchen, and two bathrooms with toilets. One bathroom is equipped with a bathtub, while the other has a shower.<br /><br />Each bedroom features a queen-size bed. The living room also includes a loft with a low ceiling and an additional sleeping space. If needed, the sofa can also be unfolded, allowing the apartment to accommodate up to 12 guests. The apartment includes everything needed for a comfortable short or longer stay in the city centre.<br /><br />Amenities for your stay:<br /><br />- Basic essentials (salt, sugar, oil)<br />- Towels, fresh bed linen, soap, hairdryer, iron, ironing board, and drying rack<br />- Free Wi-Fi<br />- Kitchen (coffee machine, toaster, microwave, hob, cutlery, plates, kettle, etc.)<br />- Bathroom with bathtub and toilet<br />- Second bathroom with shower and toilet<br />- Living room with a loft with a low ceiling and additional sleeping space for up to 12 guests<br /><br /><b>Guest access</b><br />The entire apartment is exclusively for our guests and ensures complete privacy. You can fully enjoy and use all rooms during your stay.<br /><br /><b>Other things to note</b><br />All guests are required to fill out a simple online registration form and pay the city tax in accordance with Czech legislation before arrival. A link to the registration will be sent to you online.<br /><br />🚭 Smoking is strictly prohibited inside the apartment, on the balcony, and in all common areas of the building. Any evidence of smoking will result in a €150 penalty fee.<br /><br />Our standard working hours are from 9:00 AM to 5:00 PM. During this time, a €100 fee applies only in case of lost keys. After 5:00 PM, our regular working hours end. Any assistance related to keys after this time — such as lost keys, lockouts, or other access issues — will be charged €100. <br /><br />In exceptional cases, we may not be able to provide immediate assistance. If a locksmith or service technician is required due to an issue caused by the guest, all related costs must be covered by the guest and are non-refundable.<br /><br />📞We are available daily from 8:00 AM to 11:00 PM. After 11:00 PM, we may not be available. We strongly recommend always ensuring you have access to the apartment when leaving and carefully reviewing the check-in instructions before arrival.<br /><br />This accommodation is equipped with a “Minut Home Sensor,” which detects noise levels to help guests keep noise under control during their stay. For this purpose, we share limited information (name, phone number, and reservation details) with Minut. The Minut Sensor respects your privacy — it does not include cameras, does not record audio, and does not listen to conversations or activities. After booking, you have the right to object to the sharing of your data.<br /><br />If you have any questions, please don’t hesitate to contact us. We wish you a pleasant stay in Prague!","Entire condo in Prague 1, Czechia","['12 guests', '5 bedrooms', '6 beds', '2 baths']","['Bathtub', 'Hair dryer', 'Cleaning products', 'Shampoo', 'Hot water', 'Washer', 'Dryer', 'Essentials', 'Hangers', 'Bed linens', 'Room-darkening shades', 'Iron', 'Drying rack for clothing', 'Clothing storage', 'TV', 'Pack ’n play/Travel crib - available upon request', 'Standalone high chair - available upon request', 'Air conditioning', 'Heating', 'Noise decibel monitors on property', 'Wifi', 'Dedicated workspace', 'Kitchen', 'Refrigerator', 'Microwave', 'Cooking basics', 'Dishes and silverware', 'Freezer', 'Dishwasher', 'Stove', 'Oven', 'Hot water kettle', 'Coffee maker', 'Wine glasses', 'Toaster', 'Baking sheet', 'Dining table', 'Patio or balcony', 'Elevator', 'Long term stays allowed']","['Rated 5.0 out of 5 stars for cleanliness', 'Rated 5.0 out of 5 stars for accuracy', 'Rated 4.8 out of 5 stars for check-in', 'Rated 5.0 out of 5 stars for communication', 'Rated 5.0 out of 5 stars for location', 'Rated 4.5 out of 5 stars for value']"
https://www.airbnb.com/rooms/1626222465157589970,"₴31,346 for 5 nights",Holesovice Stylish Two Rooms Apartment,"Modern and stylish 2-room apartment in vibrant Holešovice, Prague. Surrounded by trendy cafés and restaurants, with a tram to the city center right downstairs. The apartment features a private balcony, fully equipped kitchen, dishwasher, washing machine, dryer, fast Wi-Fi, and all essentials for a comfortable stay. Parking in the same building is available for an additional charge. Perfect for couples or business travelers.","Entire rental unit in Prague 7, Czechia","['4 guests', '2 bedrooms', '4 beds', '2 baths']","['Hair dryer', 'Cleaning products', 'Shampoo', 'Hot water', 'Shower gel', 'Washer', 'Dryer', 'Essentials', 'Hangers', 'Bed linens', 'Extra pillows and blankets', 'Iron', 'Drying rack for clothing', 'Clothing storage', 'TV', 'Books and reading material', 'Crib', 'Heating', 'Wifi', 'Dedicated workspace', 'Kitchen', 'Refrigerator', 'Microwave', 'Cooking basics', 'Dishes and silverware', 'Mini fridge', 'Freezer', 'Dishwasher', 'Stove', 'Oven', 'Hot water kettle', 'Coffee maker', 'Wine glasses', 'Toaster', 'Trash compactor', 'Dining table', 'Coffee', 'Patio or balcony', 'Outdoor furniture', 'Outdoor dining area', 'Paid parking on premises', 'Long term stays allowed', 'Self check-in', 'Lockbox']","['Rated 5.0 out of 5 stars for cleanliness', 'Rated 5.0 out of 5 stars for accuracy', 'Rated 5.0 out of 5 stars for check-in', 'Rated 5.0 out of 5 stars for communication', 'Rated 5.0 out of 5 stars for location', 'Rated 4.8 out of 5 stars for value']"
https://www.airbnb.com/rooms/944892671364231480,"₴29,316 for 5 nights, originally ₴39,433",Riverside Palace Comfort Suite,"Experience the charm of Prague at the “Riverside Palace Comfort Suite.” Located in the heart of the city, facing the Dancing House and the river promenade. Clean, cozy, and thoughtfully designed, it provides everything you need for a comfortable stay. An ideal choice for travelers looking to discover Prague’s historical landmarks and vibrant culture, with the city’s highlights just steps from your door.<br /><br /><b>The space</b><br />🏡 Unique & Elegant Apartment<br /><br />The entire apartment features high-end renovations and a sophisticated design, offering a unique and elegant living space.<br /><br />• Modern Italian-inspired interior – Featuring custom-made solid wood furniture from Italy, creating an elegant and cozy atmosphere.  <br />• High-end renovations – Every detail is thoughtfully designed to offer comfort and style.  <br />• Sophisticated design – Blending modern elegance with cozy charm, perfect for a relaxing stay.  <br />• Stylish and comfortable layout – Designed to make you feel at home with a focus on both functionality and beauty.<br /><br /><b>Guest access</b><br />✨ Spacious & Comfortable Living<br /><br />This apartment is designed for maximum comfort and style, making it perfect for couples, families, friends, or business travelers.<br /><br />• Exquisite Italian furniture – Featuring leather upholstery and tasteful oil paintings, adding elegance to the space. <br />• Luxurious bedroom – Equipped with a large 2x2 meter double bed, work desk, ample storage with one wardrobe, and an en-suite bathroom with a shower for relaxation.  <br />• Kitchen – Fully equipped with a stove, oven, refrigerator, dishwasher, microwave, coffee maker, and toaster – everything you need for effortless cooking.  <br />• Comfortable living room – Featuring a large fold-out sofa, TV, and a dining table, creating a welcoming atmosphere for relaxation or entertainment.<br /><br /><b>Other things to note</b><br />🌟 A Unique Experience in Prague<br /><br />This apartment is not just a place to stay – it’s an experience. You will feel at home in a beautifully designed space while being in the heart of one of the most historic and charming cities in Europe.<br /><br />Whether you are visiting for a romantic getaway, a family vacation, or a business trip, this apartment offers everything you need: a perfect location, stylish comfort, and top-class amenities.<br /><br />Book your stay now and make your trip to Prague unforgettable!","Entire rental unit in Prague 2, Czechia","['4 guests', '1 bedroom', '2 beds', '1 bath']","['Hair dryer', 'Cleaning products', 'Shampoo', 'Body soap', 'Bidet', 'Hot water', 'Shower gel', 'Free washer – In unit', 'Free dryer – In unit', 'Essentials', 'Hangers', 'Bed linens', 'Extra pillows and blankets', 'Room-darkening shades', 'Iron', 'Drying rack for clothing', 'Safe', 'Clothing storage: closet and dresser', 'TV with standard cable, Netflix', 'Crib - available upon request', 'Pack ’n play/Travel crib - available upon request', 'Standalone high chair - available upon request', 'Baby bath - available upon request', 'Central air conditioning', 'Portable fans', 'Central heating', 'Smoke alarm', 'Carbon monoxide alarm', 'Fire extinguisher', 'First aid kit', 'Wifi', 'Dedicated workspace', 'Kitchen', 'Refrigerator', 'Microwave', 'Cooking basics', 'Dishes and silverware', 'Freezer', 'Dishwasher', 'Induction stove', 'Stainless steel single oven', 'Hot water kettle', 'Coffee maker', 'Wine glasses', 'Toaster', 'Baking sheet', 'Dining table', 'Coffee', 'Waterfront', 'Laundromat nearby', 'Elevator', 'Paid street parking off premises', 'Paid parking garage on premises', 'Luggage dropoff allowed', 'Long term stays allowed', 'Self check-in', 'Lockbox', 'Housekeeping available from 10:00\u202fAM to 4:00\u202fPM, every day - available at extra cost']","['Rated 4.9 out of 5 stars for cleanliness', 'Rated 4.9 out of 5 stars for accuracy', 'Rated 4.9 out of 5 stars for check-in', 'Rated 4.9 out of 5 stars for communication', 'Rated 4.9 out of 5 stars for location', 'Rated 4.8 out of 5 stars for value']"
https://www.airbnb.com/rooms/1627442932913000443,"₴39,334 for 5 nights, originally ₴43,479",1BR Garden SOHO Suites Old Town| Terrace|  #C103,"Welcome to a stylish and comfortable apartment 33m2/ 355 sq. f. in a beautifully restored historic building in Old Town Prague. The location is exceptional. Charles Bridge is a 3-minute walk, Old Town Square just 5 minutes away, and the Vltava River only 100 meters from the apartment, yet the stay remains quiet and private. The building features a peaceful inner courtyard, a rare place to relax in the city center. Ideal for families, groups, and business travelers. Welcome to Soho Old Town!<br /><br /><b>The space</b><br />Excellent Location: Conveniently located in Prague, within walking distance to the most famous landmarks of Prague, as well as cafés, restaurants, and public transport.<br /><br />Comfortable Accommodation: The apartment features one separate bedroom and additional sleeping options, comfortably accommodating up to 4 guests, making it suitable for small groups.<br /><br />Modern Bathroom: Clean, contemporary, and fully equipped for your comfort.<br /><br />Fully Equipped Kitchen: Prepare meals with ease using modern appliances and all essential kitchen equipment.<br /><br />Entertainment Included: Enjoy a TV with Netflix, HBO Max, Disney+, and a PlayStation 5, perfect for relaxing after a day out.<br /><br />FREE Wi-Fi: Fast and reliable internet for work, streaming, and staying connected.<br /><br />Stylish & Cozy Interior: High quality beds, comfortable seating, and elegant décor create a welcoming and relaxing atmosphere.<br /><br />Make the most of your stay in Prague with this well designed apartment offering comfort, functionality, and an excellent location for a memorable visit.<br /><br />Welcome to Soho Old Town!<br /><br /><b>Guest access</b><br />You'll have full access to the entire apartment during your stay, ensuring complete privacy and comfort during your stay. Please make yourself at home and let us know if you have any questions or concerns during your stay. We are here to help.<br /><br /><b>Other things to note</b><br />If you're arriving by car, there are two convenient parking options near the apartment:<br /><br />Mr. Parkit Garages<br />Mr. Parkit operates secure garages throughout central Prague. Simply enter the address of our apartment on their website, and they will recommend the nearest garage.","Entire rental unit in Prague 1, Czechia","['4 guests', '1 bedroom', '1 bed', '1 bath']","['Bathtub', 'Hair dryer', 'Shampoo', 'Conditioner', 'Body soap', 'Hot water', 'Shower gel', 'Washer', 'Essentials', 'Hangers', 'Bed linens', 'Extra pillows and blankets', 'Iron', 'Clothing storage', 'TV', 'Game console', 'Crib', 'High chair', 'Heating', 'Exterior security cameras on property', 'Smoke alarm', 'Carbon monoxide alarm', 'Fire extinguisher', 'Wifi', 'Kitchen', 'Refrigerator', 'Microwave', 'Dishes and silverware', 'Freezer', 'Dishwasher', 'Stove', 'Oven', 'Hot water kettle', 'Coffee maker', 'Wine glasses', 'Toaster', 'Dining table', 'Coffee', 'Elevator', 'Self check-in', 'Smart lock']","['Rated 5.0 out of 5 stars for cleanliness', 'Rated 5.0 out of 5 stars for accuracy', 'Rated 5.0 out of 5 stars for check-in', 'Rated 5.0 out of 5 stars for communication', 'Rated 5.0 out of 5 stars for location', 'Rated 5.0 out of 5 stars for value']"
https://www.airbnb.com/rooms/1662881733945788313,"₴19,891 for 5 nights",Central&Stylish retreat Close to River and Brewery,"💚 Welcome to our forest-inspired Prague apartment, designed to feel like in the woods whilst in the middle of a bustling city.<br /><br />🤍 Set in Smíchov, one of Prague’s most loved and character-filled districts, rich in local life, cafés, and authentic city energy.<br /><br />💚 Expressive. Calm. Comfortable. Thoughtfuly designed to meet everyday needs.<br /><br />🤍 Your home base for resting<br /><br />💚Please note that it is on a lower ground floor, and there are steps leading to the property, as seen in the photos.💚<br /><br /><b>The space</b><br />💚About the property💚<br /><br />This apartment is located in a newly renovated building dating to the early 20th century, offering modern amenities, fresh interiors, and absolute privacy. <br /><br />Everything feels intentional and comfortable — from the materials to the layout. The building is quiet, well-maintained, and redesigned for contemporary city living.<br /><br />The apartment works equally well for short city breaks and longer stays, combining thoughtful design with practical comfort.<br /><br />🤍Key amenities & comfort🤍<br /><br />- Fully equipped kitchen with modern appliances, cookware, and everything needed for everyday cooking<br /><br />- Washer & dryer available in the apartment — ideal for longer stays<br /><br />- Fast Wi-Fi suitable for streaming, video calls, and remote work<br /><br />- Smart TV <br /><br />- Fold-out King-Sized bed<br /><br />💚Comfort & atmosphere💚<br /><br />- Calm, well-insulated interior for great rest and sleep<br /><br />- Thoughtful lighting and layout that feels warm, not sterile<br /><br />- A space that supports rest, focus, and slow mornings, as well as evenings at home<br /><br />🩶Ideal for🩶<br /><br />- Solo travelers and couples<br /><br />- Remote workers and digital nomads<br /><br />- Guests who value calm, unique design, and comfort over generic accommodation<br /><br /><b>Guest access</b><br />The apartment is completely private. Please note that it is on a lower ground floor, and there are steps leading to the property, as seen in the photos.<br /><br /><b>Other things to note</b><br />💚Please note that it is on a lower ground floor, and there are steps leading to the property, as seen in the photos.💚<br /><br />Please note that every guest must register with immigration and pay the city fee, which is 50czk/night per person staying. I will send you a link for both. Thank you in advance! :)","Entire rental unit in Prague 5, Czechia","['2 guests', 'Studio', '1 bed', '1 bath']","['Hair dryer', 'Cleaning products', 'Shampoo', 'Hot water', 'Shower gel', 'Free washer', 'Essentials', 'Bed linens', 'Room-darkening shades', 'Iron', 'Drying rack for clothing', 'TV', 'Heating', 'Smoke alarm', 'Carbon monoxide alarm', 'Fire extinguisher', 'First aid kit', 'Wifi', 'Kitchen', 'Refrigerator', 'Microwave', 'Cooking basics', 'Dishes and silverware', 'Freezer', 'Dishwasher', 'Other electric stove', 'Hot water kettle', 'Coffee maker: Nespresso', 'Rice maker', 'Dining table', 'Coffee', 'Long term stays allowed', 'Self check-in', 'Lockbox', 'Housekeeping - available at extra cost']","['Rated 5.0 out of 5 stars for cleanliness', 'Rated 5.0 out of 5 stars for accuracy', 'Rated 5.0 out of 5 stars for check-in', 'Rated 5.0 out of 5 stars for communication', 'Rated 5.0 out of 5 stars for location', 'Rated 5.0 out of 5 stars for value']"
