url,title,country,state,region,city,address,latitude,longitude,price,price_per_meter,floor,floors,area,rooms,year,details,description
https://realting.com/lithuania/property/3808724,"2 room apartment 35 m² Vilnius, Lithuania",Lithuania,Vilnius County,Vilnius city municipality,Vilnius,"Didlaukio g, 67 a",54.7334,25.2614,"€143,000","$4,716/m²",5,5,35 m²,2,2020,"{'Interior Features': 'Balcony', 'Security features': 'Combination Lock', 'Construction materials': 'Brick', 'Sewer information': 'Central collector', 'Exterior features': 'Elevator'}","SALE OF LIGHT, NEW INSTALLATED, 1,5 CASTLE, COMPACT SIDES IN POPULIARIARE AND HUMAN EVALUATION OF BALTIC MICRORAJONE, COUNTRY MYCOLO ROMERIO UNIVERSITETO AND JOMAN PARKO. ........................................................................................................... PRINCIPLES: - B energy class of the building will ensure low costs and inexpensive maintenance; - Central- collector, floor heating with individual accounting will allow to live warm and economical; - Light and stylish installation will ensure good wellbeing; - All furniture and household appliances are sold, so there is no need for additional care; - The corridor has a spacious garment where you can keep your items comfortably; - Convenient, compact layout will allow more efficient use of space; - In the spacious balcony you can enjoy morning coffee; - Panoramic windows - natural indoor lighting; - Windows are oriented toward the south, so you can enjoy sunlight and rays; - The territory is completely arranged and modernised; - Comfortable location, advanced infrastructure, excellent transport. ........................................................................................................... SIGNIFICANT: - Address: Dillaukio g. 67A; - Area: 35,18 sq.m.; - Number of rooms: 1,5; - High: 5 / 5; - Price: 143 000 Eur; - Heating: central-collector, floor; - Year of construction: 2020; - Building type: masonry; - Destination: hotels. ........................................................................................................... NAMO ENVIRONMENT: - The territory of the house is arranged and planted; - Next to Mykolas Romeris University, Fabijoniškis and Jomant Parks. ........................................................................................................... LOCATION AND INFRASTRUCTURE: - To Vilnius city center ~ 5.6 km; - To the nearest bus stop ~ 110 m; - To Mykolas Romeris University ~ 35 m; - To Vilnius Šeškiniai poliklinika ~ 1.98 km; - To Cedron Upper Landscape reserve ~ 700 m; - To the shopping malls: Aibe ~ 490 m, Norfa ~ 690 m, iki 720 m. ........................................................................................................... Watch! You can find all the latest CAPITAL real estate ads on our website www.capital.lt. Please visit!","['https://realting.com/uploads/bigSlider/3e0/db24918e1f7ae11355793c57657ef.webp', 'https://realting.com/uploads/bigSlider/7a6/cdf74743754d30d561188d8abbe28.webp', 'https://realting.com/uploads/bigSlider/310/a8273d0562c21620bcae388e695d9.webp', 'https://realting.com/uploads/bigSlider/2a2/48edf399af14ed427ba38e8455d1e.webp', 'https://realting.com/uploads/bigSlider/527/716a70e138305e3d1a948b7e2bad6.webp', 'https://realting.com/uploads/bigSlider/d97/ff0527d7ebf2a8b8e13e93ce561b2.webp', 'https://realting.com/uploads/bigSlider/630/659fc1b77fb625c3793054a3d942c.webp', 'https://realting.com/uploads/bigSlider/edb/3ffde109effe514996e05ae74bba3.webp', 'https://realting.com/uploads/bigSlider/003/ca0391a4b948d1de3764179c16469.webp', 'https://realting.com/uploads/bigSlider/7ec/2f254db8ad5f5bc0847e3af9f5417.webp', 'https://realting.com/uploads/bigSlider/d58/8fcf61d3b0dbaff86af129c290704.webp', 'https://realting.com/uploads/bigSlider/fd8/34e34540ba7c674c3bc8d2b2a4f75.webp', 'https://realting.com/uploads/bigSlider/b62/b0da28b04aad8b7895f2e67d348c2.webp', 'https://realting.com/uploads/bigSlider/15b/bdaf41de486ff455257c4e90f424e.webp', 'https://realting.com/uploads/bigSlider/e63/b5b96bacaa1a3befd323cb2d00e69.webp', 'https://realting.com/uploads/bigSlider/fcd/65b52ee678293a25dfd5ef1bc9cab.webp', 'https://realting.com/uploads/bigSlider/151/f34357924458b4e2a5bfac852dceb.webp', 'https://realting.com/uploads/bigSlider/8ac/2773c0c745d1f5ab94d5c8cf40760.webp']"
https://realting.com/lithuania/property/3782769,"2 room apartment 37 m² Panevėžys, Lithuania",Lithuania,Panevezys County,Panevezio miesto savivaldybe,Panevėžys,"Dariaus ir Gireno g, 26 Panevezio Mykolo Karkos pagrindine mokykla",55.735,24.3282,"€129,000","$4,017/m²",3,3,37 m²,2,2023,"{'Interior Features': 'High ceilings', 'Security features': 'Combination Lock', 'Construction materials': 'Brick', 'Sewer information': 'Central collector'}","2 rooms apartment with 7 sq.m. for sale in one of the most attractive places of Panevėžys - Parko str., Park Residence in an enclosed block, near Panevėžys park. This is a modern and bright accommodation for those who appreciate comfort and comfortable city infrastructure. The total area of the apartment - 37 sq.m. + 7 sq.m. logija, apartment on the 3 floor. Convenient layout: living room with kitchen area, separate bedroom, bathroom and entrance. Cosy and modern interior, dominated by light color, natural tones and harmoniously compatible materials that create aesthetic and cosy home atmosphere. This is a home where comfort, functionality and modern rhythm of urban life are in harmony. The apartment has a house on the first floor and a parking place, which is included in the price of the apartment. The territory is fenced, with locked gates, and freckling, which is opened with a remote control or telephone, and its safety is guaranteed by video surveillance cameras The project is located in a quiet and orderly part of the city, near the city park. Great place for active and comfortable life. It is a place where the rhythm of urban life is consistent with peace and proximity of nature. ............................................................................................... GENERAL Area - 37 sq. m plus 7 sq.m. lojia. House type - masonry, 2023. High - 3 Number of rooms - 2. Lodgia - 7 sq.m. Warehouse. Parking place for the car. Address - Parko g., Panevėžys. ............................................................................................... ABOUT BUT A + + energy class Comfortable 2-room layout Light and cozy interior. Living room with kitchen area. Separate bedroom. Installed LED lighting, backlight with combined switch. Integrated closet in the bedroom. Regenerative ventilation system Floor - premium vinyl. Heating floor system with zoning and individual accounting. High ceilings. The apartment has all the quality household appliances, integrated furniture. ............................................................................................... ABOUT NAM AND APPENDIX Option to purchase second car parking space for extra price. A quiet, safe and nurturing environment. Advanced infrastructure. Comfortable location near the center. Suitable for life and investment. ...............................................................................................   + 37068264330 e-mail: You can find all the latest CAPITAL real estate ads on our website www.capital.lt. Please visit!","['https://realting.com/uploads/bigSlider/107/bd8da4190781888ba3ad412bd6329.webp', 'https://realting.com/uploads/bigSlider/c99/80697f36edaf6a4982223a53cfa2a.webp', 'https://realting.com/uploads/bigSlider/a92/0918bead8414ee0e62d5a9aa5b372.webp', 'https://realting.com/uploads/bigSlider/7c1/18cf95753904f625965cdf03bd4a9.webp', 'https://realting.com/uploads/bigSlider/8cf/04ca79249f36342702c1255f0b967.webp', 'https://realting.com/uploads/bigSlider/cce/41cc2811e77093e47fd6d4534595d.webp', 'https://realting.com/uploads/bigSlider/f3a/ddea9f3472055290223b14e35f296.webp', 'https://realting.com/uploads/bigSlider/767/6a61cb9a5e40a5003c99ea9b9aacc.webp', 'https://realting.com/uploads/bigSlider/df0/113a531c9c84b3981d91af48ea0bf.webp', 'https://realting.com/uploads/bigSlider/c1f/3c88a12c45bfb6188934ee41242a4.webp', 'https://realting.com/uploads/bigSlider/4f5/84854f73c30ec7ba03281a2409641.webp', 'https://realting.com/uploads/bigSlider/8d2/5a4f99bad038091e1a6f398160f46.webp', 'https://realting.com/uploads/bigSlider/46d/dba390b01437361812a8ebb12e678.webp', 'https://realting.com/uploads/bigSlider/bdf/8998f45bff193cebf138ba23778ee.webp', 'https://realting.com/uploads/bigSlider/f2f/860763976d0fc69f80d2db273ce42.webp', 'https://realting.com/uploads/bigSlider/3ab/8a82d3c60af3fe141da4e01bb5bca.webp', 'https://realting.com/uploads/bigSlider/7f1/fd24a596bee9b18f39e8abcb3d525.webp', 'https://realting.com/uploads/bigSlider/fb2/f2e69a987e3355a8d9ad1fe843a67.webp', 'https://realting.com/uploads/bigSlider/af5/f6bb7c280913d84122acf5d480658.webp', 'https://realting.com/uploads/bigSlider/9ef/48aa0ee1bcd9771440afbd6add52e.webp']"
https://realting.com/lithuania/property/3739793,"3 room apartment 57 m² Vilnius, Lithuania",Lithuania,Vilnius County,Vilnius city municipality,Vilnius,"Virsuliskiu g, 38 a",54.7078,25.2247,"€254,000","$5,199/m²",1,11,57 m²,3,2021,N/A,"A 3-CABAREER PROJECT FOR COVERAGE STOCK HAS BEEN SUBMITTED 124WITH THERA AND DIZAINER  3-room apartment for sale in one of the most attractive new construction projects - ""The roof of the overlying city."" The apartment is on the 1 / 11 floor, has a spacious terrace, and its interior was created by a professional interior designer.   DISTRIBUTION AND INTERJAR   The third room is designed using a sliding suspended partition that allows comfortable transforming spaces:  Open - increases website and dining area.  Close - a fully separate room (work, child or guests) is available.  Terrace - cozy private space for morning coffee, recreation.  The apartment is equipped with high quality, durable materials.  The recuperative system and individually adjustable heating ensure a healthy microclimate and low bills.  Sold with all furniture and household appliances.  All furniture is made according to individual order.  PROJECT ""COHESION STOCK""   A + energy class - high efficiency, lower costs.  A shared roof terrace with recreation and grill areas is designed for residents, where panoramic views of the city come from.  The yard, pastures, children's playground.  Closed, fenced territory.  24 / 7 area and staircase are monitored by video cameras.  The project was developed by a reliable developer Omberg.  GENERAL   Address: Pupuliškių g. 38A  Area: 56,64 m ²  High: 1 / 11  Number of rooms: 3  Year of construction: 2021  Destination: residence  Type of house: block  Heating: central-collector (individually adjustable)  LOCATION   Right next to public transport stations.  Nearby supermarkets, sports clubs, schools and kindergartens.  Convenient and fast access to the centre and other parts of the city.  PRINCIPLES   An interior designed by a professional interior designer.  Recuperator, conditioner, water filters.  Flexible space transformation is a great choice for family or working from home.  Private terrace + shared roof terrace with panoramic views.  A quiet and safe environment - the territory is monitored by cameras.  Possibility to buy a place for underground parking at an extra price.  A + class building with modern engineering systems. You can find all the latest CAPITAL real estate ads on our website www.capital.lt. Please visit!","['https://realting.com/uploads/bigSlider/f1f/660626fc4a3eb8fd920eaa895809f.webp', 'https://realting.com/uploads/bigSlider/b7f/d63d40b5a88f7e83037ecd2a411b1.webp', 'https://realting.com/uploads/bigSlider/9e9/913ab68707a65f26147f3b6e305d9.webp', 'https://realting.com/uploads/bigSlider/f14/59c48af5704877436acd5f25cf233.webp', 'https://realting.com/uploads/bigSlider/dd1/5968f837c1ef676c23b14e5bfd009.webp', 'https://realting.com/uploads/bigSlider/b91/b23ee37e36d64ead64e1aeaa2a96c.webp', 'https://realting.com/uploads/bigSlider/88d/064795b44ab39385ae1f3f083fce6.webp', 'https://realting.com/uploads/bigSlider/8af/33da12ed94a39b9132bd662155740.webp', 'https://realting.com/uploads/bigSlider/210/9cd488dfc8e3dc8f11e91119db9ad.webp', 'https://realting.com/uploads/bigSlider/d40/474268b1d76cb8022b69ac47f1902.webp', 'https://realting.com/uploads/bigSlider/37e/5068d6a84c470b58b93b1de0f5c63.webp', 'https://realting.com/uploads/bigSlider/388/bc1d519e7ba612c80d0dbbd25ecd3.webp', 'https://realting.com/uploads/bigSlider/3ac/ae9d8c0f2e1a4551dae3143c3cdb9.webp', 'https://realting.com/uploads/bigSlider/731/2ddb04dc5b535abae4b34d6a47d57.webp', 'https://realting.com/uploads/bigSlider/7b5/bf9bf5245f368a2ae0173a0188acf.webp', 'https://realting.com/uploads/bigSlider/519/330e49cde87e275add83d726b95dc.webp', 'https://realting.com/uploads/bigSlider/14b/0d101713d14cea832236d4c06db67.webp', 'https://realting.com/uploads/bigSlider/e07/5a3d5ebd4780551803b62a1f65e21.webp', 'https://realting.com/uploads/bigSlider/15c/c9ad93cca47a8aae4d713f451213a.webp', 'https://realting.com/uploads/bigSlider/240/ca2ec564e091290f0ef7f92bc0058.webp']"
https://realting.com/lithuania/property/3779601,"2 room apartment 32 m² Vilnius, Lithuania",Lithuania,Vilnius County,Vilnius city municipality,Vilnius,"Karaliauciaus g, 42",54.7154,25.1782,"€172,000","$6,339/m²",4,4,32 m²,2,2025,"{'Interior Features': 'Balcony', 'Security features': 'Combination Lock', 'Construction materials': 'Brick', 'Sewer information': 'Central collector', 'Exterior features': 'Elevator'}","VINDOS - POPULATIVE DRAFT 2025 IN LITHUANIA!  In a new residential project for low-floor construction, VYŠNIOS 2 rooms, 32.5 sq.m apartment for rent in Kniaučiaus street 42 with window orientation to the west. The apartment is located on the fourth floor of the house in four, and has a spacious balcony.  WINE - this is a cozy and poetic settlement of small-rise houses The castle is surrounded by a flowering garden of Lithuanian and Japanese cherries. Even a quarter of the project's total land is covered by green recreational areas for quality leisure. Most of the parking places in VYNIOSE are designed in an underground parking lot, so cozy and quiet courtyards between the houses will be adapted for safe children's play and quiet adult recreation around nature.  A + + energy class and floor heating at home will ensure daily comfort and lower heating bills.  PRINCIPALITY OF THE SALE:  * low floor construction (4 floors) * large balcony to the west * A + + energy class * leisure spaces * floor heating * largest recreational zone of 3 HA in Vilnius * Free parking in a parking lot near the house (possibility to buy underground parking place  _ _ _ _ _ _  • A + + energy class - low heating costs • Ground heating - comfort at all times of the year • Underground car park - more space in the courtyards • Lifts - for convenient connection between floors • The largest recreational area of 3 ha in Vilnius - walks, bicycle paths and greenery _ _ _ _ _ _  BUT - FUNCTIONING AND SUPPORT FOR PRIOR LIFE • Light, sunny apartment • Moral, warm house - durable and reliable • Adjustable floor heating - optimal microclimate • Floor-painted walls with ecological paint - healthy and practical • Quality integrated furniture and household appliances - set up without further trouble _ _ _ _ _ _  LOCATION - CITIZENS: ALL COUNTRY! A strategically convenient place - everything is available on foot! • Vilnius, Königsberg Street 42-15B • Food stores, schools, kindergartens, clinics • 5 minutes to public transport stop ""Saunts"" • New bicycle and pedestrian paths, landscaped and lit streets • Lake and green areas for leisure  • It's a great choice for life and investment! • Contact now and find out more!  NT PURCHASING: • We will help to purchase this real estate under particularly attractive conditions of bank credit, as we cooperate with all banks in the country and receive exceptional conditions for our customers. • We also cooperate with real estate evaluators, insurance brokers and notary offices that facilitate the real estate transaction.  All the latest CAPITAL real estate ads can be found on our website www.realu.lt www.capital.lt. Please visit!  -Let's prepare all the necessary documents for sale, help you get a loan, organize an asset assessment. Exceptional financing conditions in banks. Not a good object? Get in touch - we'll find alternatives. DOING BUT? Call - free consulting, free setting of your the market price of the immovable property.  If this apartment You're interested, call me, we'll get you an inspection. If this apartment You don't fit, don't be shy to call, I'll gladly help you find your dream home! Artur Savickij You can find all the latest CAPITAL real estate ads on our website www.capital.lt. Please visit!","['https://realting.com/uploads/bigSlider/93d/8fa4a1d0fa857f6de8a4f741081c0.webp', 'https://realting.com/uploads/bigSlider/e51/9f28ad137c58962d8b2cbc0318893.webp', 'https://realting.com/uploads/bigSlider/e4b/10f56176cc749a44f4153684eb9bd.webp', 'https://realting.com/uploads/bigSlider/f43/b0c76e75df7b12b16fa4d43452849.webp', 'https://realting.com/uploads/bigSlider/bad/9cb2691738d06a159b2d68f3a3f8a.webp', 'https://realting.com/uploads/bigSlider/637/b286ded932114d6f724454a440e03.webp', 'https://realting.com/uploads/bigSlider/9fd/220c5764176dd78ceab111202e167.webp', 'https://realting.com/uploads/bigSlider/700/090a09afbcb230bfd6eb9a5f2ca45.webp', 'https://realting.com/uploads/bigSlider/ce8/efd7707ad9fbf65b4fd43a68d4e42.webp', 'https://realting.com/uploads/bigSlider/118/290fea9f784c7cd728e038ab71b5e.webp', 'https://realting.com/uploads/bigSlider/f4a/f83e8421fd0fbd81c2b10dca16d21.webp', 'https://realting.com/uploads/bigSlider/e1f/8931a19009df74bf9840be7bbf6c1.webp', 'https://realting.com/uploads/bigSlider/89e/9390b37033339ad5015ed0c1226c6.webp', 'https://realting.com/uploads/bigSlider/5a4/303a458910acea61cf800c991c1b7.webp', 'https://realting.com/uploads/bigSlider/6e9/61f4c4130bf34472db9a87a58c026.webp', 'https://realting.com/uploads/bigSlider/fcf/de1d1be9b9993b4be946741d99a2a.webp', 'https://realting.com/uploads/bigSlider/0a6/a51d0a0f13f66f2c771daf9fbf2f8.webp', 'https://realting.com/uploads/bigSlider/e08/8572054d88835e2ca74eb0352d2eb.webp', 'https://realting.com/uploads/bigSlider/8df/5cdbb927bb2e91845ee349b177091.webp', 'https://realting.com/uploads/bigSlider/565/fd5ad59b35effebea2c626ebb027c.webp']"
https://realting.com/lithuania/property/3739561,"1 room apartment 15 m² Vilnius, Lithuania",Lithuania,Vilnius County,Vilnius city municipality,Vilnius,"Pergales g, 15",54.6893,25.4108,"€27,999","$2,120/m²",2,5,15 m²,1,1967,"{'Heating': 'Central heating', 'Construction materials': 'Brick'}","One room apartment for sale in private (room) Vilnius city, New Vilna microdistrict, Victory str. 15  • The apartment needs repairs • GOOD HEADLAMP (asphalt) • CORRECTION AND SECURITY ENVIRONMENT (living in neat neighbours) • GERAS communication with the city centre • INTERNAL BUT • Comfortable 2s floor (of 5) • MARINE NAM • There is a shared kitchen, toilet, shower and laundry (visible in photos) • Good INVEGA  GENERAL • Location: Naujoji Vilnia, Victorius g. 15 • Area: 15,44 sq.m. room + shared kitchen, WC, shower and laundry • Condition: medium, need to repair • Apartment is unpledged, has no debts, so fast sale is possible  INSTALLATION AND APPEALS OF PASTAT: • Year of construction: 1967 • Wall: brick masonry / among blocks • Windows: wooden • Doors: old-type armour • Floor: linoleum  VOTES AND BUYER TECHNIQUES: • The apartment will be empty, only the closet will remain.  OPERATING EXPENDITURE: • Heating costs - about 150-170 eur men for January 2026 • Electricity - about 15-20 Eur • Cold water - fixed fee ~ 10 eur / eur. • Home care, administration, staircase management - about 15 Eur / month • Quality of operation of mobile Internet • Waste removal about 1-3 Eur / month  SALE: • There is a common parking lot • Winter-swept access route  ENVIRONMENT AND COMMUNITY: • Comfortable and good access (asphalt), pavements with lighting • Quiet and secure neighbourhood • Convenient access to Vilnius centre • Just 0.3 km away there are public transport stops, from which buses are often driven to the centre • Near are food stores (Maxima, IKI, Lidl)  LOCATED AT PATTERN (time must be combined from before)!  Any questions? You want to see it? Call or write! We will agree on an individual inspection.  Contact: JUSTINA ZABAUSES 0 6 7 0 8 0 6 0 3 You can find all the latest CAPITAL real estate ads on our website www.capital.lt. Please visit!","['https://realting.com/uploads/bigSlider/624/d488372d6f1db11b3b6948585ac8b.webp', 'https://realting.com/uploads/bigSlider/8b7/5c5a7ed5cc2a04139c0691911e045.webp', 'https://realting.com/uploads/bigSlider/676/049b80430b7f7082f731c2d280ae4.webp', 'https://realting.com/uploads/bigSlider/326/548c7a8ec8ffe38b5ee3264a26613.webp', 'https://realting.com/uploads/bigSlider/b61/15ad00643a0edf093edd31e510fa8.webp', 'https://realting.com/uploads/bigSlider/bc0/38397889ba9e6938e9723fbea449f.webp', 'https://realting.com/uploads/bigSlider/a7a/0184a351995a12f61416dad76c6d9.webp', 'https://realting.com/uploads/bigSlider/3ce/f4a86ac8faa2c159d60c9ce0f8aeb.webp', 'https://realting.com/uploads/bigSlider/97d/c178e2d94d624abb2e00c09b752ee.webp', 'https://realting.com/uploads/bigSlider/7b6/891d0123e0a171f7d2d7a60547f4c.webp', 'https://realting.com/uploads/bigSlider/2ac/4d51666b396cc2f25ef6175b2fe62.webp', 'https://realting.com/uploads/bigSlider/013/a4f18b7bb569319245b03ff1c1f8e.webp', 'https://realting.com/uploads/bigSlider/094/bec83209edf2088beb5d6d4b41d50.webp', 'https://realting.com/uploads/bigSlider/0bd/0210dd350ae569ce1ed6932250386.webp', 'https://realting.com/uploads/bigSlider/136/bf7462c0465a29e23e0acd02e87c3.webp', 'https://realting.com/uploads/bigSlider/95c/986ffb2b5b90a3fb2a4bf0563dedc.webp', 'https://realting.com/uploads/bigSlider/637/8a9ca21ee9fc7b2d80f116de8f80f.webp', 'https://realting.com/uploads/bigSlider/5b2/6ffd929ec58c6203677dfe8929722.webp', 'https://realting.com/uploads/bigSlider/4b7/48d41d60354d2b5502a2ecaf55ff8.webp', 'https://realting.com/uploads/bigSlider/5aa/7972177e0bf70d2c95664737efbe5.webp']"
https://realting.com/lithuania/property/3480548,"3 room apartment 121 m² Vilnius, Lithuania",Lithuania,Vilnius County,Vilnius city municipality,Vilnius,"Olandu g, 11",54.6922,25.3048,"€369,000","$3,555/m²",2,2,121 m²,3,1940,N/A,"SALE 2 BUTS WITH SEPARATE CONTRIBUTIONS  79 sq.m. 3-room apartment and 42 sq.m. 1.5-room apartment. 42 sq.m. apartment is redesigned from the basement of the apartment on the basement floor, the apartments have separate entrances. This option is ideal for investment, for renting two separate units as a traffic object, or for living in one, and the rental of the lower apartment is likely to cover the bank contribution of the upper apartment. In legal terms, this is an apartment with a basement. _ _ _ _ _ FORMER PRINCIPLES: - Apartment in a strategically convenient place, to the Cathedral Square only 1.5 km! The place is extremely cozy, with a lot of vegetation, so you will feel like living outside the city; - Apartment with 2nd plot of land near the Mountain Park; - The apartment is in a double house, has a cozy inner courtyard, parking places; - Hardness private, entrance through the lattice; - Wooden and plastic windows, natural ash parquet, sewer room doors, German plumbing and household appliances; - painted / painted room walls, a fully arranged inner courtyard with a fenced fence; - There are plenty of walking and cycling paths and parks in the districts; - The apartment has an outdoor terrace where you can spend fun; - The inner courtyard has an extremely green cozy environment; - You will be surrounded by a solid and intelligent neighborhood! _ _ _ _ _ GENERAL: - Total apartment area - 79.22 sq. m; - The ceiling - 41.27 sq.m; - Number of rooms - 3. - Year of construction - 1940 - Year of reconstruction - 2015 - Heating: gas / autonomous. - Windows - with a glass package. - Floor - parquet. - Water supply - utility. - The stove is electricity + gas. _ _ _ _ _ DISTRIBUTION OF BUTO: - Tambour - 0.97 sq. m. - Corridor - 11,26 sq. m; - Kitchen - 8.82 sq. m; - Room - 18,94 kv m; - Corridor - 2.35 sq. m; - Room - 11,39 sq. m; - Auxiliary room - 2.70 sq. m; - Toilet - 1,55 sq. m; - Shower - 4,46 sq. m; - Room - 16,78 sq. m. _ _ _ _ _ LOCATION AND INFRASTRUCTURE: - The apartment is located in the Old Town of Dutch. - 45 meters to Maxima shopping centre. - 500 meters to the Neris River. - 1.1 km to ""My kindergarten."" - 1.1 km to kindergarten-school Ramunėlė. - 1.2 km to Gediminas Castle Tower. - 1.5 km to Vilnius Cathedral Square. - 3.9 km to Vilnius bus and railway station. Comfortable public transport around schools, kindergartens, supermarkets and parks. You can find all the latest CAPITAL real estate ads on our website www.capital.lt. Please visit!","['https://realting.com/uploads/bigSlider/311/00d141dddf9c213d79fc77e91e10d.webp', 'https://realting.com/uploads/bigSlider/ced/1dd9a6264060719b761a2d2d79b71.webp', 'https://realting.com/uploads/bigSlider/cb6/0e1d6ceff41de2ceddb4140b605b9.webp', 'https://realting.com/uploads/bigSlider/85c/c01b1f0a07ed28e15b9d47c7acd08.webp', 'https://realting.com/uploads/bigSlider/c45/2ea28f0c1bcb092ef00a8fc890fac.webp', 'https://realting.com/uploads/bigSlider/9d8/55382902f9974134cf7072a61d4fa.webp', 'https://realting.com/uploads/bigSlider/5a9/89b1582e265f6206bc7f26f42bd81.webp', 'https://realting.com/uploads/bigSlider/f42/85cfd46400c61866a32db4dcf2bf5.webp', 'https://realting.com/uploads/bigSlider/a1b/17c01e4fa44ed9766840526dedde8.webp', 'https://realting.com/uploads/bigSlider/2ec/bb4494212c83748d10603bdbe0c87.webp', 'https://realting.com/uploads/bigSlider/b09/9644713d4d6fad39560e2d0dcba5f.webp', 'https://realting.com/uploads/bigSlider/40c/eabe0f512516130d73e463c0d224d.webp', 'https://realting.com/uploads/bigSlider/c84/490ecf1c7aed6d017029f61258d6d.webp', 'https://realting.com/uploads/bigSlider/8a6/30068b384011b3414469e9b3429de.webp', 'https://realting.com/uploads/bigSlider/09a/a2c2ee16ae930e8f3dec2a8dd1ec6.webp', 'https://realting.com/uploads/bigSlider/af4/67c536610ae5f76b087b9c1f5f244.webp', 'https://realting.com/uploads/bigSlider/d0c/147801bd469b84e1648721c57e288.webp', 'https://realting.com/uploads/bigSlider/a8e/0edd2e6df5bf8221ba63b356f7b34.webp', 'https://realting.com/uploads/bigSlider/f3f/c842569d38bd4ded02cfcafd4d6ae.webp', 'https://realting.com/uploads/bigSlider/770/c8d514585898b139636ae6e4c4563.webp']"
https://realting.com/lithuania/property/3739924,"4 room apartment 88 m² Mazeikiai, Lithuania",Lithuania,Telsiai County,Mazeikiu rajono savivaldybe,Mazeikiai,"Pavenciu g, 33",56.2975,22.3433,"€65,000",$856/m²,5,5,88 m²,4,1990,"{'Heating': 'Central heating', 'Interior Features': 'Balcony', 'Repair features': 'Needs Repair', 'Construction materials': 'Precast'}","Sending a MAJOR, CONSTRUCTION OF 4 CARBAKS. COUNTRY OF MONTENEGRO PARK AND SOUGHT, LAUBAI PUKI LOCKS OF FAMILY WITH THE PULSION STEP THE VERY SPACE OF WHICH LOCATION IS Ideal FOR QUALITY AND COMPLIANCE. ALL COUNTRY PROGIMNAZIA, NON-CHILD WORK ""LINE,"" SWIFT AREA, AND ALL COUNTRY SAVIDANCE STATUS SPORTS CENTRE. LIGHT HOUSEHOLDS NEW HEARERS WITH IDEAS AND FANTAZIA AS INVOLVED BY THEIR NEEDS. COMPARISON TEL 060019674 ..................................................................... FORMER PRINCIPLES: - Convenient layout of the apartment; - House built in 1990 - Small municipal taxes; - A strategically very comfortable place; - Two balconies glazed with plastic windows ....................................................................... GENERAL: - Address - Pavenčių g. - Total area - 88.05 sq. m - Year of construction 1990 - Room - 4 - High - 5 / 5; - House type - block - Heating - central - Condition - need to repair   WHEN THE NEXT PRICE IS NOT PRICES - A DRIVER MAY SUBMIT ITS PROPOSAL Do you have any further questions about this apartment? Contact me! _ _ _ _ _ _ _ NT broker Vaidas Vasiliev, CAPITAL Tel.: 0 60019674 Laisvės g. 25, Mažeikiai You can find all the latest CAPITAL real estate ads on our website www.capital.lt. Please visit!","['https://realting.com/uploads/bigSlider/291/bdb557015c079e8c3ea2587aafe84.webp', 'https://realting.com/uploads/bigSlider/e68/b8290894b09e91945aa362753f8d3.webp', 'https://realting.com/uploads/bigSlider/a91/3f1bcb33bd9dd2d2de876fa9346ab.webp', 'https://realting.com/uploads/bigSlider/11b/7e50438494ba807c55f70e480a8d6.webp', 'https://realting.com/uploads/bigSlider/828/b747ed729bdb7aa4096a26f5e69c3.webp', 'https://realting.com/uploads/bigSlider/c18/058a3685bcf407c9c9f935af07d78.webp', 'https://realting.com/uploads/bigSlider/4a0/31a1a504634d30a0131015f89817c.webp', 'https://realting.com/uploads/bigSlider/f1d/98937b02f1a1c1e5b683b4fda4056.webp', 'https://realting.com/uploads/bigSlider/4f1/a93518ac3ac01df2fbfea04cf3478.webp', 'https://realting.com/uploads/bigSlider/3a1/dde9768c495120d1f031ff49bf552.webp', 'https://realting.com/uploads/bigSlider/255/39681f7ee2d1f0c8079fcc4e88b6c.webp', 'https://realting.com/uploads/bigSlider/95d/53a96a1785737dcd9af323674191a.webp', 'https://realting.com/uploads/bigSlider/9dc/49002c06dc6b815ebe7921920b232.webp', 'https://realting.com/uploads/bigSlider/749/55f2284ac38d2cda6e33820b7bed6.webp', 'https://realting.com/uploads/bigSlider/8ba/f1f98bf88125aea19f097899d470d.webp', 'https://realting.com/uploads/bigSlider/575/620f94f30d1124a06b475079f7fa1.webp', 'https://realting.com/uploads/bigSlider/dd9/a8ef90a7983178da2735a04000089.webp', 'https://realting.com/uploads/bigSlider/973/c1fe543775e07de8283294ac92d44.webp', 'https://realting.com/uploads/bigSlider/d70/3da29260723076eb9ce5669a2878b.webp', 'https://realting.com/uploads/bigSlider/75c/356628451853c0fb87c06e633ff6c.webp']"
https://realting.com/lithuania/property/3759247,"3 room apartment 59 m² Mazeikiai, Lithuania",Lithuania,Telsiai County,Mazeikiu rajono savivaldybe,Mazeikiai,"Ventos g, 19",56.3115,22.3293,"€69,000","$1,383/m²",5,5,59 m²,3,1974,N/A,"The 3 CABLES SHOULD BE SENT IN THE FEED. - WRITTEN IN ALL BUTE, SHARES IN CORRIDOR - VITRUS CONTACT WITH WETDAINE -The WC is connected to a single TRIP with VONIA  CAPITAL ADJUSTED BEFORE 3 YEARS.  FOR THE PURPOSES OF CONSULTING THIS BUTTER, AS WITH ALL OTHER OBJECT SALED BY THE RE-WAN, CONTAINING LOSSES OF COMPLETION OF APPLICATION, ASSETS ASSESSMENT AND ALL OTHER NEEDS TO NOTARAS. You can find all the latest CAPITAL real estate ads on our website www.capital.lt. Please visit!","['https://realting.com/uploads/bigSlider/d8f/220e30afc12bb262ae79168bfce1d.webp', 'https://realting.com/uploads/bigSlider/cb9/c2c4401c70e464761d9650d5a14fa.webp', 'https://realting.com/uploads/bigSlider/50a/29ca74ec8d209392de8c644e642e3.webp', 'https://realting.com/uploads/bigSlider/cea/307f67aac50bb6ea2a4b55ce7c6be.webp', 'https://realting.com/uploads/bigSlider/9de/c41bc67b74e613accf600ff91cfa9.webp', 'https://realting.com/uploads/bigSlider/617/3914b2858538c94e7cb32b6a31c03.webp', 'https://realting.com/uploads/bigSlider/043/d7b8643be6a7e721f8da0533d092f.webp', 'https://realting.com/uploads/bigSlider/7dd/68ff61ec7755d54cb6c31f7f0932a.webp', 'https://realting.com/uploads/bigSlider/2c6/5d35531b08d9c9a0c467e06f38dd6.webp']"
https://realting.com/lithuania/property/3782800,"2 room apartment 46 m² Kaunas, Lithuania",Lithuania,Kaunas County,Kauno miesto savivaldybe,Kaunas,"Nevezio g, 6 a",54.907,23.9094,"€83,000","$2,068/m²",2,2,46 m²,2,1983,N/A,"Peace, greenery and everything is available on foot - SALE YAUKUS 2 KAMBAIŲ BUTTS  Looking for a quiet, green and comfortable life near Kaunas? This apartment is a great choice for both life and investment. Here you will be able to enjoy privacy, proximity of nature and slower pace of life, but to reach Kaunas comfortably. The apartment features functionality - clearly separated rest and common space, there is a large glazed balcony. Perfect for both couples and a small family.  General:  • Area: 44.40 m ² • Room App: 2 • High: 2 / 2 • House: masonry • Year of construction: 1983  Planning:  • Corridor: 8.84 m ² • Warehouse: 1.31m ² • Kitchen: 8.70 m ² • Rooms: 10.80 m ² and 13.36 m ² • Toilet: 1.01 m ² • Bathroom: 2.21 m ²  Communications:  • Central heating • Urban water supply and sewerage • Gas stove  Benefits:  • Armoured doors • Plastic / wooden windows • glazed balcony • Window orientation: southeast • Cellar 8.99 m ² • Warehouse • With furniture and some household appliances • Neat staircase  Logistics and infrastructure:  All the infrastructure needed for everyday life is available on foot.  • Food shops - ~ 300- 600 m • Babt gymnasium - ~ 800 m • Kindergarten - ~ 700-900 m • Medical point / outpatient - ~ 600-800 m • Public transport stop - ~ 300- 500 m • Kaunas city - ~ 25 km (about 20-25 minutes by car)  This is an apartment for those who want to escape from the bustle of the city, but to keep comfortable access and daily comfort.  Golden Mažeikienė NT Broker, CAPITAL Housing Faster deals. Higher value. Less stress. Tel.  ► Consult FREE, for your desire to buy or sell real estate; PHARMACOLOGICAL PROPERTIES I will prepare all the necessary documents for purchase - sale or rent; PHARMACOLOGICAL PROPERTIES If necessary, I help you get a loan for these assets; PHARMACOLOGICAL PROPERTIES I organise asset evaluation / measurements / energy certificate.  WILL BE COMPLETED, BUT THE DAY OF THE WEEK, TO BE SUPERVISED! You can find all the latest CAPITAL real estate ads on our website www.capital.lt. Please visit! You can find all the latest CAPITAL real estate ads on our website www.capital.lt. Please visit!","['https://realting.com/uploads/bigSlider/fc7/e12369ed8145fcb5395adbee2c5ce.webp', 'https://realting.com/uploads/bigSlider/dda/540e2ea971c2256536442a0fe8675.webp', 'https://realting.com/uploads/bigSlider/741/89da614d69deb92f76cc7b7d786ad.webp', 'https://realting.com/uploads/bigSlider/966/c7e0e858b586dff901e4a3b19fc1f.webp', 'https://realting.com/uploads/bigSlider/84a/c2d2fa8541221786ee8467cd74909.webp', 'https://realting.com/uploads/bigSlider/596/191ef9f9ba1a84fc827ab68efa706.webp', 'https://realting.com/uploads/bigSlider/de4/c2e765eaec8b937c7d9c632e9868e.webp', 'https://realting.com/uploads/bigSlider/700/58716aa8de49d57405c53d6fc1696.webp', 'https://realting.com/uploads/bigSlider/673/8e95789f24cef8b8c4792a7372413.webp', 'https://realting.com/uploads/bigSlider/bfb/905cf723a48a44d387b51dfceebd0.webp', 'https://realting.com/uploads/bigSlider/9b0/9a1492202d97a3131121598094316.webp', 'https://realting.com/uploads/bigSlider/d81/23fb73010da1ee2cea6b7fcad39e6.webp', 'https://realting.com/uploads/bigSlider/da8/611cae7b0cffc8159f708e684d218.webp', 'https://realting.com/uploads/bigSlider/6f2/9d7f77383b0ab9f3ba3c207c6692d.webp', 'https://realting.com/uploads/bigSlider/8b7/200c1ec4fa1d5286e2eda443feb2f.webp']"
https://realting.com/lithuania/property/3791182,"3 room apartment 56 m² Vilnius, Lithuania",Lithuania,Vilnius County,Vilnius city municipality,Vilnius,"Saltkalviu g, 28",54.661,25.2693,"€129,000","$2,711/m²",4,5,56 m²,3,1966,"{'Heating': 'Central heating', 'Interior Features': 'Balcony', 'Security features': 'Combination Lock', 'Repair features': 'Needs Repair', 'Construction materials': 'Brick'}","SALE OF SWITZERLAND 3 CASTLE BUTS, SOURCES! HAS BEEN RESERVED TO INVOLVE THEIR NEEDS! -------------------------------------------------- FORMER PRINCIPLES: • Functional apartment layout - 3 separate rooms, bathroom and toilet separately, spacious kitchen, balcony; • All the windows of the apartment - plastic, this is also sealing and more efficient energy conservation in one; • Code staircase lock; • A green yard with various plants provides a pleasant environment at all times; • A wooden house for high heat and sound insulation, durability and durability; • A sustainable home environment; • In the yard - an updated, spacious parking lot; • The apartment will be ideal for people living in the city's rhythm - a well-developed infrastructure will allow jobs, educational institutions, cultural and leisure objects to be reached quickly by walking, cycling or pacemaker. -------------------------------------------------- GENERAL: • Location: Šaltkalvių g. 28, Vilnius; • Total area: 55,94 sq.m; • Number of rooms: 3; • High: 4 of 5; • Year of construction: 1966, • Building type: masonry; • Heating: central; • The house is administered by UAB ""Naujoji ūkio."" -------------------------------------------------- LOCATION: The innovators are a dynamically developing area where comfortable access to the city centre and all services necessary for everyday life ensure comfort and comfort. • Bus stations: ~ 300 m - innovators (3G, 1, 3, 4, 41, 42, 78, 122, N8 buses); ~ 510 m - Prussian station (1, 3, 4, 41, 42, 78, N8 buses - 124; 10, 17 trolleybuses); • Education institutions: ~ 130 m - Vilnius Innovation Festival; ~ 430 m - Vilnius ""Juventos"" gymnasium; ~ 120 m - kindergarten ""Želiniai""; ~ 190 m - Vilnius kindergarten - school ""Šaltinėlis."" The supermarkets shall: ~ 210 m - IKI; ~ 220 m - Maxima XX; ~ 290 m - Lidl. You can find all the latest CAPITAL real estate ads on our website www.capital.lt. Please visit!","['https://realting.com/uploads/bigSlider/468/5a6b6536c7f2cf885ef6e3bca0fb6.webp', 'https://realting.com/uploads/bigSlider/370/6cd65ad1e25a654898259c30166b0.webp', 'https://realting.com/uploads/bigSlider/4da/325318e6f7afd15dd554c695134d4.webp', 'https://realting.com/uploads/bigSlider/397/46e913ebeaa832246aa088733e0f3.webp', 'https://realting.com/uploads/bigSlider/aaf/c0d457fb6e377d56a8ab1557192de.webp', 'https://realting.com/uploads/bigSlider/ca7/c24be65a7338ccb15b1a65df195aa.webp', 'https://realting.com/uploads/bigSlider/d5b/1023418811d370ca68600083dff5d.webp', 'https://realting.com/uploads/bigSlider/5d5/b98e77eb78b95a994aca9364e6c3d.webp', 'https://realting.com/uploads/bigSlider/d6b/72e3158efbddab5f9ae1a87551acc.webp', 'https://realting.com/uploads/bigSlider/aab/3ccccf08d3869eaec47e5c4e4b4d1.webp', 'https://realting.com/uploads/bigSlider/73f/b1bf9158427ba02b0f8692b6c2f4d.webp', 'https://realting.com/uploads/bigSlider/2e2/95b5d2c79eb7e73ae88dc58d6fd2a.webp', 'https://realting.com/uploads/bigSlider/25c/010e07b59cd4c7421185d497af06c.webp', 'https://realting.com/uploads/bigSlider/923/6aea96c661b0df6977ca55dc74342.webp', 'https://realting.com/uploads/bigSlider/ab7/1a3c45a6ec42d017a326a938feae2.webp', 'https://realting.com/uploads/bigSlider/18e/2e697df98a49139c53ed96e00aec6.webp', 'https://realting.com/uploads/bigSlider/b90/bd02dbae4479bc0d8cfcc6e67bfdf.webp', 'https://realting.com/uploads/bigSlider/f60/776dee05937e1be7e32342ae8816a.webp', 'https://realting.com/uploads/bigSlider/f1a/28967cf8c74f219348a2d405d3077.webp', 'https://realting.com/uploads/bigSlider/638/8715ac2b3c20ac546c0638ccb25e4.webp']"
https://realting.com/lithuania/property/3787922,"2 room apartment 46 m² Vilnius, Lithuania",Lithuania,Vilnius County,Vilnius city municipality,Vilnius,"Vytenio g, 2",54.6807,25.2633,"€179,000","$4,628/m²",2,5,46 m²,2,1964,"{'Heating': 'Central heating', 'Interior Features': 'Balcony', 'Security features': 'Combination Lock', 'Repair features': 'Needs Repair', 'Construction materials': 'Brick'}","Apartment for sale in the center of Vilnius, near the Bassanavičius flower market.  An excellent investment apartment is also an opportunity to buy together with tenants.  THE RENOVATION OF NAMO!  GENERAL: - Address: Vytenio 2; - Total area: 45,51 sq.m; - High: 2 / 5; - Room App: 2; - Heating: central; - House type: masonry; - Year of construction: 1964 - Parking: Yes; - Balcony: yes; - The apartment has changed the wiring;  AUTOBEEPS: ~ 4 min M.K. Čiurlionis st. ~ 4 min Algirdo st. ~ 5 min S. Konarskis st. ~ 7 min T. Ševchenko st.  TRADE CENTRES: ~ 300 m to IKI Vivulski ~ 900 m ~ 950 m  TRAINING BODIES: ~ 350 m Geniukiai hill lopšlin- kindergarten ~ 400 m Montessori Academy ~ 650 m Vilnius cradle-kindergarten ""Vydūlė"" ~ 600 m Vilnius J. Basanavičius progymnasium  ~ 650 m to the clinic of Inmedica ~ 1.0 km to Centro poliklinika  ~ 210 m to Konarsi Gel Market ~ 700m to Forum cinemas Vingis ~ 1.5 km to Vingis Park  Distance to Vilnius city center ~ 1.3 km. Distance to Vilnius Railway Station ~ 2.4 km. Distance to Vilnius Airport ~ 4.6 km.  For further information or inspection please contact by telephone:  e-mail:   CAPITAL TEAM broker Valerijus Kračius You can find all the latest CAPITAL real estate ads on our website www.capital.lt. Please visit!","['https://realting.com/uploads/bigSlider/9b6/d693fff19ee93a19b996a8e79be50.webp', 'https://realting.com/uploads/bigSlider/dc1/9b239aa0bb083a1a4cedea278261d.webp', 'https://realting.com/uploads/bigSlider/904/7e074fd8da79183176127ceee7810.webp', 'https://realting.com/uploads/bigSlider/ff0/71e2f66679d958cc89220a52d433a.webp', 'https://realting.com/uploads/bigSlider/ec5/aaf277de6def29e147586009fdd56.webp', 'https://realting.com/uploads/bigSlider/503/92702b0e656e3738e192d356d6ed0.webp', 'https://realting.com/uploads/bigSlider/765/f4371d95df58327df8ee82f45fc60.webp', 'https://realting.com/uploads/bigSlider/148/9a018fb62cd4b5d697741f08b608d.webp', 'https://realting.com/uploads/bigSlider/db0/9408182874ca19671fe62a18e8261.webp', 'https://realting.com/uploads/bigSlider/ae1/e9e37d0f0039f6f225c1ed07a00dc.webp', 'https://realting.com/uploads/bigSlider/dd3/6029965c428ca2cbb3629d585871e.webp', 'https://realting.com/uploads/bigSlider/093/156a1235feb33fecc54963ca681c4.webp', 'https://realting.com/uploads/bigSlider/e37/2472379fe110e4d568b0b4fcc3ffb.webp', 'https://realting.com/uploads/bigSlider/610/60fa5fd098c935c16459a3e5df692.webp', 'https://realting.com/uploads/bigSlider/752/fd93c887da83a6c94ae92dcd275f3.webp', 'https://realting.com/uploads/bigSlider/203/080862a3450e80eb6b122275ac0f4.webp']"
https://realting.com/lithuania/property/3704116,"1 room apartment 67 m² Papiskiai, Lithuania",Lithuania,Utena County,Moletu rajono savivaldybe,Papiskiai,,55.27078,25.20485,"€400,000","$7,056/m²",6,1,67 m²,1,,{},"Luxury Studio at Seven Palm Jumeirah – Exclusive Life in the Heart of Dubai Welcome to your luxurious studio at Seven Palm Jumeirah with spectacular views of the Royal Atlantis and the Nakheel Mall. This top-notch location places you at the heart of the vibrant life of one of Dubai’s most prestigious locations, Palm Jumeirah. The studio is stylish and high-quality furnished, has a modern design, elegant finish and maximum comfort of living. Residents have direct access to the private beach of Palm Jumeirah with recreation areas, towels, as well as the possibility of renting boars and sun loungers. The complete set also includes a convenient mini kitchen, a flat screen TV and free Wi-Fi.   Project Description: Seven Palm Jumeirah The exclusive project “Seven Palm Jumeirah” offers spectacular views of the sea, the promenade and the panorama of Dubai Marina, with an overview of the legendary Burj Al Arab and the famous Dubai Eye – the tallest Ferris wheel in the world. The complex consists of two elegant architectural buildings connected by a spectacular soaring terrace. In the northern building there are private apartments in the property. The southern building includes a luxury hotel and apartments with service. The special pride of the project is a spacious roof terrace with the largest soaring infinity pool in the region, from which unsurpassed panoramic views open.  Concept of accommodation and equipment The project offers studios, 1, 2 and 3 bedroom apartments, as well as exclusive two-level penthouses with spacious terraces, private pools and breathtaking sea views. All living spaces are made in a modern and high-quality style, equipped with panoramic windows from floor to ceiling, providing maximum natural lighting, and create an elegant, comfortable atmosphere. The kitchens are equipped with modern household appliances of leading brands.  Infrastructure and facilities Residents of the complex have first-class facilities, including: One of the largest floating infinity pools in the region Fully equipped fitness center Children's play areas Manicured garden grounds Underground parking Wide selection of cafes and restaurants right at home  Terms of purchase:  Cost: 400,000 € Agency commission: 3% of value + 20% VAT Property acquisition tax: 3.5% Fee for registration in the land register: 1.1%","['https://realting.com/uploads/bigSlider/58b/8baf719049c67eebd6d9c59fcb0ef.webp', 'https://realting.com/uploads/bigSlider/aee/4e6cf9fd5914cc3b87d4ff5409a4b.webp', 'https://realting.com/uploads/bigSlider/003/d3939dfe94e59cb9fd4a0ac91dd37.webp', 'https://realting.com/uploads/bigSlider/7d2/fdc2e3b2d97cde16ffa3f5b7ae012.webp', 'https://realting.com/uploads/bigSlider/0c8/a90b4f6c478676edf7f9befb7a78a.webp', 'https://realting.com/uploads/bigSlider/361/c1e5f9efe113defd574486e11a9fb.webp', 'https://realting.com/uploads/bigSlider/621/65056a9811c1c48c81e8a2bd88b38.webp', 'https://realting.com/uploads/bigSlider/cdb/d02e73815a976614693a8762a3366.webp', 'https://realting.com/uploads/bigSlider/51c/de483f391c6ac303786a009444f6d.webp', 'https://realting.com/uploads/bigSlider/c39/79ec0ea6355538c9e7a42421dc66d.webp', 'https://realting.com/uploads/bigSlider/1fd/2d567c21c9e2ad77df152274e7926.webp', 'https://realting.com/uploads/bigSlider/f1f/95a4df6e8cf2ef6c3e0d261b062d4.webp', 'https://realting.com/uploads/bigSlider/703/bd98d00ff5affbd3ebc1a91586abf.webp', 'https://realting.com/uploads/bigSlider/ed2/060d76a57a0174dbab23d18a71f5d.webp', 'https://realting.com/uploads/bigSlider/1dc/2efc2a87fbedaf6891ec29d55316e.webp', 'https://realting.com/uploads/bigSlider/368/1314f04491696c03754499505fbb9.webp', 'https://realting.com/uploads/bigSlider/34d/de37821ed175c9b2f48ee82191ac6.webp', 'https://realting.com/uploads/bigSlider/81f/6808db04154bcf6c3b35001b0ac8b.webp', 'https://realting.com/uploads/bigSlider/ac6/ed32ef2f181cc505402449874e76e.webp', 'https://realting.com/uploads/bigSlider/26a/2491467f800db2773c27f55d1cd40.webp', 'https://realting.com/uploads/bigSlider/11e/588f46a2bfc794b5e3d252cf2a8f8.webp', 'https://realting.com/uploads/bigSlider/587/21bd1a3ff7a87c1cb3f633c7463a9.webp', 'https://realting.com/uploads/bigSlider/9e1/cb54fd9a6ee3b340740001eeff59d.webp', 'https://realting.com/uploads/bigSlider/b95/0d1b842c9ace7bd087332ba50e7bf.webp', 'https://realting.com/uploads/bigSlider/4e5/1fd09c59be019366c8a3c57c6e321.webp']"
https://realting.com/lithuania/property/3739738,"3 room apartment 82 m² Klaipėda, Lithuania",Lithuania,Klaipeda County,Klaipėda City Municipality,Klaipėda,"Pievu Tako g, 36 a",55.7181,21.1263,"€232,000","$3,265/m²",2,10,82 m²,3,2026,"{'Repair features': 'Partial finish', 'Construction materials': 'Brick', 'Sewer information': 'Central collector'}","""City10"" is not only a new apartment in the center of Klaipeda. It is a project for those who appreciate space, comfort and city life. Here, every day is filled with movement, every window looks at history, nature or modern urban rhythm.  www.city10.lt  Started construction! Pick your dream home now! Quality construction, architecture, 2,3,4-room apartments, underground parking, panoramic views and location, which speaks for itself.  BUTO INFORMATION: - Total area 82.38m2; - High: 2 / 10; - Room App: 3; - Construction: 2026; - Direction - lunch, evenings;  Living room / kitchen - 28.57kv.m; San.knot: 5.02 sq.m; Room - 13 sq.m; Room - 15.10 sq.m; Corridor - 7.54 sq.m; Łódź 13.12 sq.m;  BACKGROUND INFORMATION: • End of construction in 2026; • Type of building - masonry; • Foundation - drilled poles; • Capal walls - 25 cm silicate blocks + 25 cm neopor; • Overlay - monolithic overlay 15cm; • Interior walls between apartments - silicate blocks; • Domophone staircase door, automatic gates; • Heating - central collector; • Urban communication.  BUTO COMPLETION: - Armoured apartment entrance doors; - Smooth floor; - Fixed walls; - autonomous floor heating; - Introduction to the recuperator; - Fixed telephone locker; - Inside the apartment there is an intermediate electrical panel with an introductory automatic switch and power voltage and plumbing inputs; - Windows of three windows, five selective packages;   Conveniences that change everyday life Near the Scultur Park, Kar Kar Park, shopping centers, kindergartens, schools Excellent transport - public transport stops just a few minutes on foot Modern architecture, high quality materials, functional apartment layout Images that inspire every day - ships, lagoon, sea, greenery and city lights  What is City10 for? The project is designed for families and active residents who want to live in a spacious, comfortable and modern way, but without losing the benefits of living in the centre. It is also a great opportunity for investors - two-room apartments are perfect for rental business.  Imagine the morning when the first view through the window opens panorama to the lagoon and the far-off ships. The first steps - in a city that never stops: cafe for breakfast, parks for a walk, and children play safely in a nearby kindergarten or school.  It is a home where family dreams, investment vision or the desire to live actively, stylish and comfortable - without compromise.  Want more information or to book an apartment? Contact our team - we will help you to choose the most suitable house in the center of Klaipeda. You can find all the latest CAPITAL real estate ads on our website www.capital.lt. Please visit!","['https://realting.com/uploads/bigSlider/201/c6eb712e6d76adf7d0eadde1ad70d.webp', 'https://realting.com/uploads/bigSlider/cbb/7a6f54e0fc58a615ece8e44fbf365.webp', 'https://realting.com/uploads/bigSlider/538/99fd3492c141ce7b3f7967ad0697a.webp', 'https://realting.com/uploads/bigSlider/9d7/c0638b9085054b665fd91e4c1d56b.webp', 'https://realting.com/uploads/bigSlider/6c3/4e36239f6706ef8974abd0136fff5.webp', 'https://realting.com/uploads/bigSlider/e0b/463cb9065bfa14653703d6c942dab.webp', 'https://realting.com/uploads/bigSlider/7bd/d0e0c1134aa41b4aa844b64e3397c.webp', 'https://realting.com/uploads/bigSlider/c55/dd2f269ebea2600aaad32259d4983.webp', 'https://realting.com/uploads/bigSlider/392/0e535b743656e0712b859612bb19d.webp', 'https://realting.com/uploads/bigSlider/cd5/e3d3728e66999c1772525ae57d77f.webp', 'https://realting.com/uploads/bigSlider/606/6c5284e92b6b5e7624616437898cc.webp', 'https://realting.com/uploads/bigSlider/b65/07ff57b4176d71b075dc974a66e40.webp', 'https://realting.com/uploads/bigSlider/546/db055e62d6934ba506ef039a6f088.webp', 'https://realting.com/uploads/bigSlider/f1a/c835a602b16ecbd8fb99c45a3e591.webp', 'https://realting.com/uploads/bigSlider/495/d694a33059a3575add0d83781b5aa.webp', 'https://realting.com/uploads/bigSlider/52c/c5f2958616dce3ce21615801dc2ff.webp', 'https://realting.com/uploads/bigSlider/f6b/5b729aaa28f637e5f973bb2ad2634.webp', 'https://realting.com/uploads/bigSlider/b7f/2e06393a1df5ca5bb77b84fd94d30.webp', 'https://realting.com/uploads/bigSlider/987/29acb146e637f9eee9793947baf26.webp', 'https://realting.com/uploads/bigSlider/0c4/95b8b1fe6c93ea49abd2751be629e.webp']"
https://realting.com/lithuania/property/3739608,"2 room apartment 29 m² Vilnius, Lithuania",Lithuania,Vilnius County,Vilnius city municipality,Vilnius,"Bistrycios g, 9",54.7056,25.3198,"€100,000","$4,012/m²",3,5,29 m²,2,1970,"{'Heating': 'Central heating', 'Construction materials': 'Brick'}","Sold bright 2 rooms apartment with furniture and household appliances, perfect for living or investment! -------------------------------------------------- FORMER PRINCIPLES - The apartment has a bathroom and kitchen; - New furniture: kitchen, furniture, sofa, dining table with chairs; - Suitable for both life and rent; - Armoured apartment doors; - Good access to the house; - There is a parking space nearby; - Great infrastructure - shopping centres, sports clubs and business centres. -------------------------------------------------- GENERAL - Apartment area - 28.85sq.m; - High number - 3 of 5; - Number of rooms - 2; - Type of house - masonry; - Year of construction - 1970; - Heating - central. -------------------------------------------------- APDAILA - Windows - plastic with glass packets; - Floors - wooden / tile; - Wall - wallpaper / painted; - Lubos - painted; -------------------------------------------------- LOCATION AND INFRASTRUCTURE: - 3.09 km to the city centre; - 0.51 km to the nearest bus stop; - 0.32 km to MAXIMA store; - 0.48 km to General Jonas Žemaitis Lithuanian Military Academy; - 0.75 km to Vilnius Joachim Lelevel Secondary School; - 1.60 m to the visiting object of Sapiegai Park in July. -------------------------------------------------- You can find all the latest CAPITAL real estate ads on our website www.capital.lt. Please visit!","['https://realting.com/uploads/bigSlider/aa2/916f36eaa2dd62b7ba28462856c68.webp', 'https://realting.com/uploads/bigSlider/bb8/affe5d529363bbe8a19a67a66aa02.webp', 'https://realting.com/uploads/bigSlider/16b/7ce9f827b370dd6aab92eef37c02d.webp', 'https://realting.com/uploads/bigSlider/ebb/e551c7efc9b3301dc101c95ba14dd.webp', 'https://realting.com/uploads/bigSlider/021/bb936635b8f4aeaf0e3146552db58.webp', 'https://realting.com/uploads/bigSlider/cb0/c63293c2096814d67f748c699ab82.webp', 'https://realting.com/uploads/bigSlider/337/332643cf613d90d26795bae1fab21.webp', 'https://realting.com/uploads/bigSlider/b2a/7753ff9f5032169c7db068f2e6325.webp', 'https://realting.com/uploads/bigSlider/bb2/eb79290c4bf7ddd7bd194ff282fe7.webp', 'https://realting.com/uploads/bigSlider/5ba/a5ff8aefd5028527d57e32e8a85c4.webp', 'https://realting.com/uploads/bigSlider/a66/6368257a45236e58d329894a62d60.webp', 'https://realting.com/uploads/bigSlider/4f0/40329496b80531f7610014de17cdd.webp', 'https://realting.com/uploads/bigSlider/85d/3b162dc84e198829387508cb7cead.webp', 'https://realting.com/uploads/bigSlider/149/1a4a8490dc4ad08f3956cce533862.webp', 'https://realting.com/uploads/bigSlider/237/ffaf9368b911af144d800ba0fbe39.webp', 'https://realting.com/uploads/bigSlider/4a1/7a86d6b064f74001385d8f600c1a9.webp']"
https://realting.com/lithuania/property/3359117,"3 room apartment 86 m² Kaunas, Lithuania",Lithuania,Kaunas County,Kauno miesto savivaldybe,Kaunas,Nemuno krantines dviraciu takas,54.8793,23.9297,"€423,000","$5,736/m²",9,16,86 m²,3,2023,"{'Interior Features': 'Balcony', 'Security features': 'Alarm system', 'Sewer information': 'Central collector', 'Exterior features': 'Elevator'}","In the exclusive real estate project Apartment with furniture and household appliances for sale The design of the interior was subject to the highest requirements for quality of work, materials and the integrity of stylistics. _ _ _ _ _ About the apartments: • Unique furnished apartments - an example of tasteful interior and aesthetics • Only equipped with high-quality and long-lasting materials. • Panoramic views of nature and city through windows. • Spacious living room with dining area and recreation space • 2 bedrooms, one with wardrobe, other spacious wardrobe • Spacious bathroom with shower and bath. _ _ _ _ _ GENERAL: • Architects - UAB ""Architect Office G. Natkevičius & Partners""; • Construction manager - UAB ""Contestus""; • A + energy class; • High: 9 / 16; • Area: 85.45 sq.m; • 2 lifts; • Underground parking, pantry; _ _ _ _ _ PROJECT TECHNICAL SPECIFICATION: • A + energy class; • Facade - aluminium glass structures with sections of enamelled glass; • Foundation - drilled foundation; • Wall - outer walls - monolith; • Lubos - reinforced concrete plate, not suitable; • Roof - coincidence; • Windows - aluminum profile; • Door type - apartment door armoured; • Heating - central-collector, floor heating; _ _ _ _ _  You can find all the latest CAPITAL real estate ads on our website www.capital.lt. Please visit!","['https://realting.com/uploads/bigSlider/ed6/7f1c6081e142b6ee2fa68a3f81917.webp', 'https://realting.com/uploads/bigSlider/aa7/58c6f56a27166a7c105302275a390.webp', 'https://realting.com/uploads/bigSlider/053/23cf70ce6859ac1580ad8cda7093f.webp', 'https://realting.com/uploads/bigSlider/6eb/37ffa1eecc468026996b3a5b6113b.webp', 'https://realting.com/uploads/bigSlider/e36/7cb45b85665424e482acd49ecfb85.webp', 'https://realting.com/uploads/bigSlider/9a7/c3b70a8802fdd4bdc46c31ef05c57.webp', 'https://realting.com/uploads/bigSlider/525/a824a1c6ac266105416b2539e2fa6.webp', 'https://realting.com/uploads/bigSlider/eae/ed9ef4d290a63ae96d654d299fb0b.webp', 'https://realting.com/uploads/bigSlider/f96/f07eae6e5d4db10530a5aac21a41c.webp', 'https://realting.com/uploads/bigSlider/63a/2d9042349cb7ce8670b117986e0ec.webp', 'https://realting.com/uploads/bigSlider/a7c/0610d179009ca374d833c59b66c21.webp', 'https://realting.com/uploads/bigSlider/064/2e4df05fab88ea47c4c392ad8534a.webp', 'https://realting.com/uploads/bigSlider/dd3/ee30e9cb88ab4df3171729102682b.webp', 'https://realting.com/uploads/bigSlider/54f/2c014c966de21a9dea6d28b623062.webp', 'https://realting.com/uploads/bigSlider/e63/c67870cff80ae5bb08f4a314de11e.webp', 'https://realting.com/uploads/bigSlider/a70/56ec7cbb88a1affa8645652ac4428.webp', 'https://realting.com/uploads/bigSlider/02d/03faf1a6fb1bdbf3297a92f0537c9.webp', 'https://realting.com/uploads/bigSlider/5da/7eebcebc1eee13de832484b97a49e.webp', 'https://realting.com/uploads/bigSlider/4d1/bf41ad2637e2f2c8b40068460f083.webp', 'https://realting.com/uploads/bigSlider/06e/473c87dea5420d4be9c8265355ce8.webp']"
https://realting.com/lithuania/property/3394569,"1 room apartment 35 m² Palanga, Lithuania",Lithuania,Klaipeda County,Palangos miesto savivaldybe,Palanga,"Vytauto g, 4 a",55.8951,21.0631,"€141,560","$4,621/m²",2,2,35 m²,1,,{},"1 room apartment for sale ((VILA TEKILA) Building II The apartment is a double-storey building in the II century. Once you have acquired the apartment, you will become the owner of a part of the yard. The courtyard is equipped with a dome that you can use. A great investment and a recreation place in a major resort. If you are interested, please see: + 37064600466 You can find all the latest CAPITAL real estate ads on our website www.capital.lt. Please visit!","['https://realting.com/uploads/bigSlider/0b6/618b3e9f3a1f32c2b6272bbcf5973.webp', 'https://realting.com/uploads/bigSlider/c0b/edfdc73e96089c0bf7c8b19be00f3.webp', 'https://realting.com/uploads/bigSlider/165/c88ff839941ddd86185be061f6f07.webp', 'https://realting.com/uploads/bigSlider/be8/421ad26654b36c6be9935e4bbf757.webp', 'https://realting.com/uploads/bigSlider/77e/012d5c7ff23b3e61bd3761f395bf4.webp', 'https://realting.com/uploads/bigSlider/29e/a584830f340e2a7cac91651bad516.webp', 'https://realting.com/uploads/bigSlider/a89/1f49b32bfe238cea95256be2499f4.webp', 'https://realting.com/uploads/bigSlider/837/792801de6c0f2149fd6912bbbadff.webp', 'https://realting.com/uploads/bigSlider/34c/1b71f8ea76d0074ce26453b57f20c.webp', 'https://realting.com/uploads/bigSlider/049/84518a6fef0f70ba827180fae0111.webp', 'https://realting.com/uploads/bigSlider/659/41d3b3640a0489e473d427be8cd45.webp', 'https://realting.com/uploads/bigSlider/78c/0ef5136c1fd35c05559bb649efcc4.webp', 'https://realting.com/uploads/bigSlider/f3a/5f135311e3193208bb21bef375b28.webp', 'https://realting.com/uploads/bigSlider/247/540cc75aff11b5e6746d3f4c0dd8d.webp']"
https://realting.com/lithuania/property/3584989,"4 room apartment 115 m² Kaunas, Lithuania",Lithuania,Kaunas County,Kauno miesto savivaldybe,Kaunas,"Birstono g, 12",54.8956,23.8961,"€299,000","$3,014/m²",2,2,115 m²,4,1898,N/A,"Sold SPACE BUT IN THE NEWS OF THE NEWS HAS ADOPTED THIS DECISION:  We invite you to familiarize yourself with the object at a convenient time. We work on weekends!  CONTACT = = = = = = = = = = = = = = = = = = = = = = = = = = = = = = = = = = = = = = = = = = = = = = = = = = = = = = = = = = = = = = = = = = = = = =  PRINCIPLES:  • Good place in Kaunas Old Town; • Historical house; • 2017 major repairs; • A reconstruction project is currently under preparation which will increase the square of this apartment by about 60 sq.m.; • Dynamic air / air heating (4 internal and 3 outdoor units); • Heating and refrigeration in one system; • WiFi connection for remote control of heating devices; • Large space for changing layout according to their needs; • Near Vilnius Street; • Apartment on two floors; • One neighbor on the floor; • Urban infrastructure; • Possibility to install a solar plant on the roof; • House is formed a plot; • Two unique numbers (apartment and attic) can make two apartments; • In the apartment comes both gas and central heating (unset);  = = = = = = = = = = = = = = = = = = = = = = = = = = = = = = = = = = = = = = = = = = = = = = = = = = = = = = = = = = = = = = = = = = = = =  GENERAL  • House - masonry; • Year of construction 1898; • Total square 115 m ² (apartment 51 m ² - up to 64 m ²); • House 2 floors; • 2 apartments in the house (first floor of commerce); • The premises are commercially adapted; • 3 units; • Balcony; • Alarm; • Doors are armed; • Windows - plastic; • A nice organized staircase; • Locked outside doors; • Heating air / air two internal blocks; • Hot water - boiler; • fibre Internet installed.   = = = = = = = = = = = = = = = = = = = = = = = = = = = = = = = = = = = = = = = = = = = = = = = = = = = = = = = = = = = = = = = = = = = = =   INFRASTRUCTURE AND ENVIRONMENT:  • Good contact, city center; • Exceptional location; • Urban infrastructure, around cafes, waitresses; • Bus station - 50 m You can find all the latest CAPITAL real estate ads on our website www.capital.lt. Please visit!","['https://realting.com/uploads/bigSlider/9c9/a9c86051c76b5464f8ef26545c53f.webp', 'https://realting.com/uploads/bigSlider/f55/30bb102aed66670e75f7a474d95b7.webp', 'https://realting.com/uploads/bigSlider/fd8/a689e0caeb5bda698c876557c699c.webp', 'https://realting.com/uploads/bigSlider/f58/446e9f1aead0178c2a8c9e7009d4b.webp', 'https://realting.com/uploads/bigSlider/04e/e478c3faf215132c3fcb0e3f8b86d.webp', 'https://realting.com/uploads/bigSlider/1c1/d509c472d24904e36939c46526f42.webp', 'https://realting.com/uploads/bigSlider/df1/f5ec9e252913c3ab6b5a869511d0b.webp', 'https://realting.com/uploads/bigSlider/c66/a21a8363a5f30455547a15a140b8e.webp', 'https://realting.com/uploads/bigSlider/624/debbb2e5a6647b6da63b86e3bea9c.webp', 'https://realting.com/uploads/bigSlider/e54/707a49bed93ab0030cd20306e0b0e.webp', 'https://realting.com/uploads/bigSlider/424/f356caeac170d9d8ff6162fcd70fb.webp', 'https://realting.com/uploads/bigSlider/201/3e21d36caf3eaf6f8005e56e4801c.webp', 'https://realting.com/uploads/bigSlider/599/ab09aed4608aa68ca769f95cfd1dd.webp', 'https://realting.com/uploads/bigSlider/570/5f22a4ddaad5410d1b072578ea34c.webp', 'https://realting.com/uploads/bigSlider/f1a/10b7ae04c482baa5089b614b66929.webp', 'https://realting.com/uploads/bigSlider/b44/61206891460b3eb4c63594c16133c.webp', 'https://realting.com/uploads/bigSlider/510/551e32c02a7e7b8d64222d0a5cef0.webp', 'https://realting.com/uploads/bigSlider/b58/227f5178d747c828686ca1a7b99bc.webp', 'https://realting.com/uploads/bigSlider/ac1/c4b1b2feb777dea8ab2e4fa1d3440.webp', 'https://realting.com/uploads/bigSlider/404/57a8bb4daa6518a5520e8be45242b.webp']"
https://realting.com/lithuania/property/1974985,"1 bedroom apartment 54 m² Vilnius, Lithuania",Lithuania,Vilnius County,Vilnius city municipality,Vilnius,"Algirdo g, 9",54.680034,25.269927,"€260,000","$5,296/m²",3,3,54 m²,2,1940,{},,"['https://realting.com/uploads/bigSlider/8f9/40f426268773e59a8a5962e61facc.webp', 'https://realting.com/uploads/bigSlider/a0c/058bdfa0be7c29ce2520b35ea6e9a.webp', 'https://realting.com/uploads/bigSlider/0f6/1b6062002554814e307e99673e7d6.webp', 'https://realting.com/uploads/bigSlider/942/8bd7bcfe50fcf930eb0b080f8484c.webp', 'https://realting.com/uploads/bigSlider/f5f/826eca51b73cb20502d1346cd4350.webp', 'https://realting.com/uploads/bigSlider/001/90043eef9f36f0589ac61bfeed934.webp', 'https://realting.com/uploads/bigSlider/ce1/d911d66d8dcb4e431748537c17d80.webp', 'https://realting.com/uploads/bigSlider/bfb/f97515fbe54f7d504d1020f7bfe99.webp', 'https://realting.com/uploads/bigSlider/240/082d6169775277975212039709bf6.webp', 'https://realting.com/uploads/bigSlider/1ad/3526da2adc3f7cdbdf769b67ea03d.webp', 'https://realting.com/uploads/bigSlider/3c9/f3b515e89d4db96dba036e3f42eea.webp', 'https://realting.com/uploads/bigSlider/16d/1506b79ff7493e78448dc608a7806.webp', 'https://realting.com/uploads/bigSlider/118/cf62b134c24a893a44d9b4449eb2c.webp', 'https://realting.com/uploads/bigSlider/1b6/18d0c48a95139a07205366f59f5d5.webp', 'https://realting.com/uploads/bigSlider/ebf/2b3949d0635850c8b4cbe70e2ab0b.webp', 'https://realting.com/uploads/bigSlider/e91/5fbb63bb5bc8faa979dbd2ab72dc0.webp', 'https://realting.com/uploads/bigSlider/186/97a96f7030ceeff94cc7acdcf3c1e.webp', 'https://realting.com/uploads/bigSlider/6c3/94a3880fcfbeab2045e235f46539b.webp', 'https://realting.com/uploads/bigSlider/349/13114a9d686f024382aa60e1acd2f.webp', 'https://realting.com/uploads/bigSlider/7e0/1e64354d267f5ac9294367af26fce.webp', 'https://realting.com/uploads/bigSlider/9f4/b09f4156c369ee7cdd8ed17c4aee2.webp', 'https://realting.com/uploads/bigSlider/856/78e616c4c081f8c85a0ed99f67bba.webp', 'https://realting.com/uploads/bigSlider/6ec/5f8fa02839550589ca0b79f50481a.webp', 'https://realting.com/uploads/bigSlider/0c3/c90476570624bc3f25ec1892a3a93.webp', 'https://realting.com/uploads/bigSlider/5d1/df96dc3fbc7406cdc4e045796f83f.webp', 'https://realting.com/uploads/bigSlider/d24/1b06bf84b8f61d2f91ec1e24ef453.webp', 'https://realting.com/uploads/bigSlider/f0b/e3aa5381c05f39de25417b33c29fa.webp', 'https://realting.com/uploads/bigSlider/11b/c37a57042aafbcf1e77aa0d95ccc6.webp', 'https://realting.com/uploads/bigSlider/cae/6dc9ffafade5a655d78da58af9952.webp', 'https://realting.com/uploads/bigSlider/549/3baed8b6e0062c2dbb2a89740e817.webp', 'https://realting.com/uploads/bigSlider/858/4f8f2e157128fe57bb09c71a29f4b.webp', 'https://realting.com/uploads/bigSlider/e7d/0c168e491e1d7e6257fcecb619ad6.webp']"
https://realting.com/lithuania/property/3789005,"3 room apartment 65 m² Jonava, Lithuania",Lithuania,Kaunas County,Jonavos rajono savivaldybe,Jonava,"P Vaiciuno g, 16",55.0769,24.2579,"€105,000","$1,920/m²",2,9,65 m²,3,1989,"{'Heating': 'Central heating', 'Construction materials': 'Precast'}","SUBMITTED PROCEDURE FOR COMPLAINTS  PRINCIPLES:  Apartment on the second floor Spacious and convenient layout Two affordable bedrooms Apartment without any need for repair Excellent location, easy access to educational institutions, food shops and various services Safe and quiet countryside  GENERAL:  Plastic windows Two glazed balconies Floor - tiles and laminate Toilet and bath separate Armoured apartment doors Wall - painted For sale with most furniture and household appliances You can find all the latest CAPITAL real estate ads on our website www.capital.lt. Please visit!","['https://realting.com/uploads/bigSlider/5ee/c321f7a8bed842b0c2d6bff0f6d71.webp', 'https://realting.com/uploads/bigSlider/05d/17df88776db82748a6634a7e9da5a.webp', 'https://realting.com/uploads/bigSlider/7de/ddcc1d0198b99e472d5e40cb9b781.webp', 'https://realting.com/uploads/bigSlider/004/292e0907e09d74e1aa419d7abf7e9.webp', 'https://realting.com/uploads/bigSlider/359/1760981ce673a4f7ef5cc08d80929.webp', 'https://realting.com/uploads/bigSlider/9aa/5326ca15c75a9b8279330e45800de.webp', 'https://realting.com/uploads/bigSlider/d58/8784841fe7b51cd49855517ee9862.webp', 'https://realting.com/uploads/bigSlider/7da/c2165723a91104928f0bbc468f161.webp', 'https://realting.com/uploads/bigSlider/998/770d785a39ddfc16f7666c4673b24.webp', 'https://realting.com/uploads/bigSlider/967/707d5660adb513d756be5512b8608.webp', 'https://realting.com/uploads/bigSlider/9a6/e03d6a238333b372e956cd184d00d.webp', 'https://realting.com/uploads/bigSlider/340/49253bddfe2ac222a8299638910a3.webp']"
https://realting.com/lithuania/property/3739602,"2 room apartment 46 m² Panevėžys, Lithuania",Lithuania,Panevezys County,Panevezio miesto savivaldybe,Panevėžys,"Nevezio g, 20",55.7415,24.3583,"€63,500","$1,584/m²",4,5,46 m²,2,1964,N/A,"SALE OF 2 CASTLE BUT IN A DRAWN UP IN THE NEGOTIATION OF G! Looking for a cozy and orderly apartment in a strategically convenient place? Then this offer is for you! 2 rooms apartment for sale in renovated house, Nevezis street, Panevėžys. Cosy living room and kitchen space - common, bath room is increased, and the orientation of the east and north windows provides natural light and cooling during summer. The apartment is equipped with a conditioner and recuperator that ensures comfort at all times of the year. Very small heating costs, and very warm. Kitchen and bathroom are ready for repair - you can install according to your needs and style.  PRINCIPLES: • Large, wide balcony (glazed during renovation) • Lots of space for parking in the yard and near the house • Conditioning and recuperative system installed • Kitchen connected to the living room - spacious and bright common area • Increased bathroom, replaced pipelines • Plastic windows, armor doors • Apartment redesigned • House renovated (outstanding renovation balance) • Small heating costs of the apartment • Telephone Locator  GENERAL: • Address: Nevezio g. 20, Panevėžys • High: 4 / 5 • Year of construction / renovation: 1964 / 2023 • Total apartment area: 46,46 sq.m • Number of rooms: 2 • Species: • Window orientation: East and North  DISTRIBUTION: • Living room with kitchen area - 26.91 sq.m • Bedroom - 12.50 sq.m. • Bathroom - 2.64 sq.m • Corridor - 3.46 sq. m • Balcony - 3,59 sq.m  HEATING COSTS: January 2026 - EUR 82 December 2025 - 36 Eur November 2025 - 28 Eur  INFRASTRUCTURE: • Excellent access to other parts of the city • Other: shops, schools, kindergartens, public transport stations • Quiet, green area with comfortable spaces for walks _ _ _ _ _ _ No INTERMEDIATION PAYMENT IS GRANTED TO THE PROFESSIONALS. Contact: NT Broker Inga Lialienė    You can find all the latest CAPITAL real estate ads on our website www.capital.lt. Please visit!","['https://realting.com/uploads/bigSlider/447/97b24a890cf5f64004715a1ebbef7.webp', 'https://realting.com/uploads/bigSlider/52d/2442c0fb9e1fce480ebbeef9f0c8b.webp', 'https://realting.com/uploads/bigSlider/3a7/fff9ff5b8654cd6c1562719f81c6c.webp', 'https://realting.com/uploads/bigSlider/34a/e83de22f6878526118b16fec501e1.webp', 'https://realting.com/uploads/bigSlider/773/a807c1e2262edb1a8dc932d69118d.webp', 'https://realting.com/uploads/bigSlider/7ae/5fd59426d176c27feca0d0b9e4813.webp', 'https://realting.com/uploads/bigSlider/fa3/e895a467a7010ee31b00ab7f799fd.webp', 'https://realting.com/uploads/bigSlider/c72/7fb55109ab5e473de5fb84aedc02a.webp', 'https://realting.com/uploads/bigSlider/f2e/3a5250c284b0c17ef905e52cb8ce1.webp', 'https://realting.com/uploads/bigSlider/4ce/5c3d35db6a53ffa6068c209013d83.webp', 'https://realting.com/uploads/bigSlider/2d9/3a62d67d55edfcd5417959270e054.webp', 'https://realting.com/uploads/bigSlider/3b9/8b1eba70b25fd21599d88c55d48c6.webp', 'https://realting.com/uploads/bigSlider/b90/2c3a2e8f8fe50adf5eb71974386bf.webp', 'https://realting.com/uploads/bigSlider/88c/e36356d6c9a75e8f5fe1d7211a4d1.webp', 'https://realting.com/uploads/bigSlider/490/0b0223519c9a26a19789684aa286a.webp', 'https://realting.com/uploads/bigSlider/369/cc719ca028d87a52de9bbda6ed09c.webp', 'https://realting.com/uploads/bigSlider/04a/34fb7d1077b5bc2e04e38764ac4d3.webp', 'https://realting.com/uploads/bigSlider/f36/4db92190b0fb9f2bf23dae056e6c9.webp', 'https://realting.com/uploads/bigSlider/aab/c86354b631b19c65991184108c638.webp', 'https://realting.com/uploads/bigSlider/94a/5f9c60481744c8df3c032a268213d.webp']"
https://realting.com/lithuania/property/3739727,"3 room apartment 67 m² Taurage, Lithuania",Lithuania,Taurage County,Taurages rajono savivaldybe,Taurage,"V Kudirkos g, 5",55.2547,22.2841,"€79,000","$1,354/m²",3,4,67 m²,3,1970,"{'Heating': 'Central heating', 'Interior Features': 'Balcony', 'Security features': 'Combination Lock', 'Repair features': 'Needs Repair', 'Construction materials': 'Brick'}","A BUTTER OF 3CASTLE OF THEIR CAMBAREYS HAS BEEN SALTED TO THE CIRCUMSTO CENTRE  FORMER PRINCIPLES: - apartment house is located in V. Kudirkos str., in the central part of Tauragė city; - house - renovated in 2017, renovation not paid; - apartment has two glazed balconies; - small apartment maintenance costs; - plastic windows; - a staircase with a code; - the apartment has a 3,16 sq. m. basement; - an orderly staircase; - friendly and quiet neighbors.  GENERAL: - parking lot in the yard; - floor 3 of 4; - rooms - 3; - the total area is 67,31 sq. m. - the year of construction: 1970; - condition - to be repaired; - heating - central; - electricity, water supply and sewerage - urban networks;  DISTRIBUTION: - corridor: 8,58 sq. m; - rooms - 15,25 sq. m., 18,22 sq. m., and 12,31 sq. m.; - kitchen - 6,51 sq.m.; - bath with toilet - 3,60 sq. m; - pantry - 2.84 sq. m.  The apartment is sold with furniture and household appliances.  INFRASTRUCTURE: - good access to all urban areas; - about 100 m up to Kings pizzerias and food shops; - about 150 m before Taurage Hospital; - 200 m to Taurage Hotel, restaurant Square; - 300 m to PC IKI, Topo centre, pharmacies, PSPC; 350 m to the square of the city, Tauragė Castle; - about 600 m before the nursery, M. Mažvydas progymnasium; - about 850 m to the home of Tauragė community, Vytautas stadium; - around many shops and service companies; - about 650 meters to the river Sea. You can find all the latest CAPITAL real estate ads on our website www.capital.lt. Please visit!","['https://realting.com/uploads/bigSlider/4b4/2d9cd4c9c63225e3d7268e229f5ca.webp', 'https://realting.com/uploads/bigSlider/f1f/69abeb48608ba87558bca905eaf41.webp', 'https://realting.com/uploads/bigSlider/8e0/193eecacbe68557e26e0c4fec3aee.webp', 'https://realting.com/uploads/bigSlider/30a/e5d11d83f8a00fbc35a599814e088.webp', 'https://realting.com/uploads/bigSlider/79f/7dc7b98d24f3f4d6eb7ac82b87454.webp', 'https://realting.com/uploads/bigSlider/fe9/91a4b0a0947d85845e2039822d465.webp', 'https://realting.com/uploads/bigSlider/f22/f67bffb5f2632ebbd0dfbbfae4fd3.webp', 'https://realting.com/uploads/bigSlider/70d/d31f15b972014c993a1d7339a0dc8.webp', 'https://realting.com/uploads/bigSlider/fc0/cb3bebb5a5593df6fe68b66a78d09.webp', 'https://realting.com/uploads/bigSlider/a0b/eac6e5d721d5f1bda99007b020796.webp', 'https://realting.com/uploads/bigSlider/e33/bccc36bc1c57626fdf0bafcdd6220.webp', 'https://realting.com/uploads/bigSlider/3c1/15840efd56015d2ef7fa9a509ec05.webp', 'https://realting.com/uploads/bigSlider/2fc/ea554b0ffc3bd6a39ecb7ee5aa369.webp', 'https://realting.com/uploads/bigSlider/413/d04de60c236014825fb4276af1a1e.webp', 'https://realting.com/uploads/bigSlider/33a/1bc170f44befb268014df7ad9f37c.webp', 'https://realting.com/uploads/bigSlider/0fa/a5133f8f19819c6970a155a6f91ff.webp', 'https://realting.com/uploads/bigSlider/37b/018adabea373f215fb6a38c307355.webp', 'https://realting.com/uploads/bigSlider/e01/1129fd8ac1dbd594cb9634b882a6c.webp', 'https://realting.com/uploads/bigSlider/8c8/190c14dd92edbdf9ebfff2859c558.webp', 'https://realting.com/uploads/bigSlider/ec9/6b6457e91884fc49f469a4d5e18b3.webp']"
https://realting.com/lithuania/property/3758297,"4 room apartment 85 m² Kaunas, Lithuania",Lithuania,Kaunas County,Kauno miesto savivaldybe,Kaunas,"A Juozapaviciaus pr, 81 a",54.875,23.936,"€329,000","$4,461/m²",14,16,85 m²,4,2023,N/A,"SALE OF 3 / 4 CABLES WITH PUIKIA Apartment is in the heart of the city on the coast of Nemunas with an impressive panorama of Kaunas. The complex of three buildings is distinguished by its height, quality and state-of-the-art construction technologies. There is a possibility to purchase the parking space. The apartment is spacious, 3-4 rooms, wardrobe. -------------------------------------------------- BACKGROUND INFORMATION:  • Architects - UAB ""Architect Office G. Natkevičius & Partners""; • Construction manager - UAB ""Contestus""; • A + energy class; • High: 14 / 16; • Apartment area: 85,15 sq.m; • 2 lifts. -------------------------------------------------- PRINCIPLES:  • Panorama - window orientation opening panorama to Kaunas Old Town and Nemunas • Bicycle and Walking trails near the project will allow you to actively spend time travelling along the Nemunas coast to the Old Town; • It is convenient to travel - in just a few minutes the train and bus stations will not allow you to delay your train / bus; • The contact with the centre - near Kaunas Akropolis will be reached in just 2 minutes by car and the old town in 6 minutes. • Parking - underground and ground (for extra charge); -------------------------------------------------- TECHNICAL SPECIFICATIONS:  • A + energy class; • Facade - aluminium glass structures with sections of enamelled glass; • Foundation - drilled foundation; • Wall - outer walls - monolith; • Lubos - reinforced concrete plate, not suitable; • Roof - coincidence; • Windows - aluminum profile; • Door type - apartment door armoured; • Heating - central-collector, floor heating; • Refrigeration - floor cooling, ceiling cooling; • Electrical installation - derived from the project. • Partial finish. -------------------------------------------------- INFRASTRUCTURE:  • Kaunas city center is only 2 kilometres away; • Outside - schools, kindergartens, supermarkets and health institutions; • Next to Kaunas ""Akropolis"" and Žalgiris Arena; • To Birštonas - 40 km and Prienai - 30 km; • To Vilnius - 100 km.  You can find all the latest CAPITAL real estate ads on our website www.capital.lt. Please visit!","['https://realting.com/uploads/bigSlider/dd4/9006121ad85bf5dc4da8756dc4dad.webp', 'https://realting.com/uploads/bigSlider/cf8/26cc19f62c4c093ab94d2a8527b26.webp', 'https://realting.com/uploads/bigSlider/456/18f5b8d1357f5404213ee16c4a58b.webp', 'https://realting.com/uploads/bigSlider/fe5/a90f0d8c5a49d80d6b2067e94c367.webp', 'https://realting.com/uploads/bigSlider/ca2/7fc02237838a4f30887c64c1189af.webp', 'https://realting.com/uploads/bigSlider/240/4230dbd702d1d9c1bac8309d545ab.webp', 'https://realting.com/uploads/bigSlider/cc6/ace5bc4fc33253a701b7426ecc13c.webp', 'https://realting.com/uploads/bigSlider/f3e/bf1317e9ab1e98d4dae0ab1bf90d2.webp', 'https://realting.com/uploads/bigSlider/682/f70a41c9eb424a9933e535800e1a5.webp', 'https://realting.com/uploads/bigSlider/0f9/f2e3dca5dd9daebc897f8759e4821.webp', 'https://realting.com/uploads/bigSlider/15d/de438c200e3a8ca995d061b01bb9f.webp', 'https://realting.com/uploads/bigSlider/199/d9527432700991cec59df35db315b.webp', 'https://realting.com/uploads/bigSlider/a50/60f9307e5be54dcdd6708d90d93d1.webp', 'https://realting.com/uploads/bigSlider/e88/8a7548f797d0f3732b6cb7b66e995.webp', 'https://realting.com/uploads/bigSlider/073/43b6005a7d8cdec7bd8bd69a97084.webp', 'https://realting.com/uploads/bigSlider/e83/c9c3da047a342d116e5add9f2e80c.webp', 'https://realting.com/uploads/bigSlider/ff8/b4ea3bd0c88b060fea1baf9975af3.webp', 'https://realting.com/uploads/bigSlider/b5a/9efcbcc1de00b096038fa09c42cc0.webp', 'https://realting.com/uploads/bigSlider/828/c38028055b298aa6ce0a98b03f30a.webp', 'https://realting.com/uploads/bigSlider/5fb/c1ceab75abbd233f28762dfbde69f.webp']"
https://realting.com/lithuania/property/3766492,"2 room apartment 50 m² Kaunas, Lithuania",Lithuania,Kaunas County,Kauno miesto savivaldybe,Kaunas,"K Skirpos g, 7",54.9291,23.947,"€109,000","$2,517/m²",5,5,50 m²,2,1978,N/A,"Looking for peace in the city? Two-room apartment for sale in K. Škirpos street, on the top floor, near nature - near Kalniečių Park and the forest of Kleboniškis, also conveniently accessible Kaunas Clinic. Soon, even more convenient access will be ensured by the next built bridge to the PC Mega. _ _ _ _ _ _ GENERAL: ✅ Address: K. Škirpos g. 7, Kaunas ✅ Number of rooms: 2 ✅ Total area: 49,94 sq.m ✅ High: 5 / 5 ✅ Type of house: block ✅ The apartment has a basement 4.55 sq.m ✅ There is a glazed neat balcony ✅ House administered by active home community _ _ _ _ _ _ PRINCIPLES: ✅ Functional layout of the apartment ✅ Light rooms ✅ Sustainable and green environment ✅ Neat apartment ✅ Comfortable place for life - near the shop, schools, kindergartens ✅ Good access to other urban areas ✅ Near public transport stations ✅ To Kaunas center about 4.5 km ✅ This is a great choice for both life and rent investment. _ _ _ _ _ _ INSTALLATION: ✅ The walls are painted and painted; ✅ Floor - laminate; ✅ Windows: wooden with glass packets; ✅ Paint ceilings; ✅ Bathroom and toilet separately; ✅ Updated pipeline _ _ _ _ _ _  BUYER NO CHARGES!  EXCLUSIVE INFORMATION / SUPERVISION CONTACT To NT BROKERI IGNE KROL + 37061203203 Ignas Kulys, call you at a convenient time or write all the latest CAPITAL real estate ads on our website www.capital.lt. Please visit!","['https://realting.com/uploads/bigSlider/e45/7e7020fbc5edc05f65a6745e2b399.webp', 'https://realting.com/uploads/bigSlider/ec2/3481582ff965b9bbc2a85d6b7b539.webp', 'https://realting.com/uploads/bigSlider/333/f0e675995f42e7c82588704251e41.webp', 'https://realting.com/uploads/bigSlider/e94/20b31bcae4ef5373f82b1756b81c9.webp', 'https://realting.com/uploads/bigSlider/a34/49648d8e234cc40efd5eccb562dcd.webp', 'https://realting.com/uploads/bigSlider/cce/9288afb2001bbc9a3b0d30e33a3ba.webp', 'https://realting.com/uploads/bigSlider/175/a2dde1a3234ecddc0792a0bf23b2c.webp', 'https://realting.com/uploads/bigSlider/3b9/911f7878ff899cd1f50b0c54d23ab.webp', 'https://realting.com/uploads/bigSlider/729/726817df9b343a3a2a580c1d8d619.webp', 'https://realting.com/uploads/bigSlider/a11/6da2a1117d97c4b62b6d1ccda3cf6.webp', 'https://realting.com/uploads/bigSlider/534/86893209570406c223832c254e0e7.webp', 'https://realting.com/uploads/bigSlider/ae7/1741b067ef0a7e34d29ba07399602.webp', 'https://realting.com/uploads/bigSlider/b8e/ea167d17de3efbbde172e846bd375.webp', 'https://realting.com/uploads/bigSlider/674/7988ad11b2c49ff3719732cc230a4.webp', 'https://realting.com/uploads/bigSlider/55b/5cae5156aa530f7579bdee1988603.webp', 'https://realting.com/uploads/bigSlider/c23/6dfe5de6e1f5acc323c0c88088d4e.webp', 'https://realting.com/uploads/bigSlider/bfe/1d8e4376a2db6cac218aa93c29d55.webp', 'https://realting.com/uploads/bigSlider/9aa/e825e51880e4f23fb51a25e09cbaa.webp', 'https://realting.com/uploads/bigSlider/4a2/d43aeb881ef4653b01ba45fbc9e1b.webp', 'https://realting.com/uploads/bigSlider/0c5/1aa9a339da5d3a5c47f1b73aa271e.webp']"
https://realting.com/lithuania/property/3739949,"1 room apartment 37 m² Vilnius, Lithuania",Lithuania,Vilnius County,Vilnius city municipality,Vilnius,"Sodu g, 9",54.6731,25.2831,"€150,000","$4,646/m²",1,4,37 m²,1,1940,{'Construction materials': 'Brick'},"SALE OF STUDY TYPE BUT IN VILNIUS SENAMETER, SODO G. - A SITUATION IN THE IMMEDIATE JOURNEY  In Vilnius Old Town, in a strategically convenient place - Garden Street, cozy, fully equipped studio type housing, ready to live immediately or rent without additional investment. The object is ideal for both permanent urban life and long-term or short-term rental.  The premises are located in a quiet inner courtyard of the building, in a clean house, and therefore the vitality and privacy of the Old Town are in harmony. Access is possible both through the main staircase and from the inner courtyard, ensuring convenient and discreet access. The enclosed inner courtyard with the remote gates provides additional comfort for parking.  GENERAL Address: Sodų g. 9, Vilnius The year of construction of the building: 1940 PHARMACOLOGICAL PROPERTIES Building type: PHARMACOLOGICAL PROPERTIES High: 1 floor PHARMACOLOGICAL PROPERTIES Purpose: administrative • Total area: 37,43 sqm de facto • Heating: autonomous electricity, air-air  PRINCIPLES PHARMACOLOGICAL PROPERTIES A great place in the Old Town - near the bus and rail stations, city center is reached on foot PHARMACOLOGICAL PROPERTIES Functional area - optimal solution for small housing, office or service activities PHARMACOLOGICAL PROPERTIES First floor - convenient for customers and employees PHARMACOLOGICAL PROPERTIES Repair done - premises fully adapted for life or commercial activities Low maintenance costs PHARMACOLOGICAL PROPERTIES Proper investment - apply for rent PHARMACOLOGICAL PROPERTIES Fast-refreshing Station Area - long-term outlook for value growth PHARMACOLOGICAL PROPERTIES Good access to all urban areas PHARMACOLOGICAL PROPERTIES Administrative use - can be used immediately for commercial activities  DISTRIBUTION OF TIMES PHARMACOLOGICAL PROPERTIES Hall with kitchen ~ 14 sq. m. PHARMACOLOGICAL PROPERTIES Living room / room ~ 20 sq. m. PHARMACOLOGICAL PROPERTIES Bathroom ~ 4 sq. m  INFRASTRUCTURE  There are plenty of cafes, restaurants, cultural and attractions - just a few minutes on foot to Vilnius City Hall, Hal Market, MO Museum, Old Town galleries and the main places of attraction.  Bus stations  ~ 0.13 km - Flowers st. ~ 0.20 km - Rūdninkų st. ~ 0.23 km - Station ~ 0.24 km - Bazilion st ~ 0.28 km - Vilnius Bus Station  Education  ~ 0.38 km - ISM University of Management and Economics ~ 0.31 km - gymnasium of Vilnius Adam Mickevičius ~ 0.38 km - Vilnius Antanas Vienuolis main school ~ 0.07 km - kindergarten ""Geolynas"" ~ 0.62 km - kindergarten ""Krivūlė""  Trading centres  ~ 0.26 km - IKI EXPRESS - ŠOPENO ~ 0.30 km - Maxima X ~ 0.31 km - EXP - STOTIS ~ 0.56 km - IKI - MINDAUGO ~ 0.60 km - Maxima X ~ 0.63 km - Rimi Didžioji   That could be the location of your currency or a SOURCE OF STABLE INCOME!   We invite you to contact and see the premises You're at a convenient time.  BETTER BOTTLE IN THE TIME - we will find the right time to see. - Our partners will provide free advice. Would you like to sell YOUR NT? - please, I will help you set the market price.   Vaida Kaliningrad - van der Laan LNTVA certified NT Broker You can find all the latest CAPITAL real estate ads on our website www.capital.lt. Please visit!","['https://realting.com/uploads/bigSlider/6fb/f82cb45a23a7714cd527e20bd4060.webp', 'https://realting.com/uploads/bigSlider/0dc/fc644447891c0c5e0147f788f07bc.webp', 'https://realting.com/uploads/bigSlider/8ae/e02b8e6f642aefe64cc89c51a33ac.webp', 'https://realting.com/uploads/bigSlider/f51/474e110aef35aef195779fd46da94.webp', 'https://realting.com/uploads/bigSlider/0c6/d64b34040903fa7929b2afad70023.webp', 'https://realting.com/uploads/bigSlider/37b/58d2c66201b95371da984965db522.webp', 'https://realting.com/uploads/bigSlider/6e5/f432acb43d4148c3a367bc02a85cc.webp', 'https://realting.com/uploads/bigSlider/0ce/78638ece93637e90c161db4576d77.webp', 'https://realting.com/uploads/bigSlider/feb/c8910e53f0b5e3155108a74fe5016.webp', 'https://realting.com/uploads/bigSlider/08e/f7ef368f867199e5e19a6be910e5e.webp', 'https://realting.com/uploads/bigSlider/a9f/8d5c85b0fd64e3164bd80ac8b858a.webp', 'https://realting.com/uploads/bigSlider/0a6/5a31cbd16aef73eb2a8ac1190c608.webp', 'https://realting.com/uploads/bigSlider/0da/627b082bd37a772aa1d83b15040c4.webp', 'https://realting.com/uploads/bigSlider/606/ec8ab49d27a9b14b4ec2f70532302.webp', 'https://realting.com/uploads/bigSlider/ad4/cf8752721a6f5e358a389ac04473a.webp', 'https://realting.com/uploads/bigSlider/f7c/2bedfa808d96c763ed96e3a4266f0.webp', 'https://realting.com/uploads/bigSlider/2ed/6a0dae6dff8f0e47503d8c2a4ea44.webp', 'https://realting.com/uploads/bigSlider/e59/b465f504427c4b706496a22a832c0.webp', 'https://realting.com/uploads/bigSlider/2a9/44cee67b9dc5e6fff34479b33e9f9.webp', 'https://realting.com/uploads/bigSlider/988/1aa384d372e9b6af2bd28fcc87f40.webp']"
https://realting.com/lithuania/property/3739729,"2 room apartment 55 m² Kaunas, Lithuania",Lithuania,Kaunas County,Kauno miesto savivaldybe,Kaunas,"Bajoru g, 4",54.9115,23.8937,"€140,000","$2,951/m²",3,3,55 m²,2,1955,N/A,"2 rooms apartment for rent in Kaunas, Lithuania General: • Location: Bajorų g., Kaunas • Microdistrict: Vilijampole • Type of house: masonry • Year of construction: 1955 • House renovation: 2017 • High: 3 / 3 • Apartment area: 55 sq.m • Number of rooms: 2 • Heating: central - collector (adjustable, paid according to actual consumption) • Condition: neat, steered • Stadium: neat • Environment: calm neighbourhood  Additional information: • There is a balcony • Large basement (9sq.m.) • Dependent part of the attic (not installed) • Very low heating costs • High ceilings • Small balance of renovation training • Convenient access to the city centre • Public transport stations nearby • Near the shop and other daily services • Suitable for life or investment • Possible movements from May 2026  More information by phone All the latest CAPITAL real estate ads can be found on our website www.capital.lt. Please visit!","['https://realting.com/uploads/bigSlider/3b1/700d7cbcf13f0b4178ba49fb7b0ee.webp', 'https://realting.com/uploads/bigSlider/2c1/f4d58fad4ca1111d61f7e2b879b4b.webp', 'https://realting.com/uploads/bigSlider/774/34f43a3005a8c9fae1f0c0fd61120.webp', 'https://realting.com/uploads/bigSlider/0dc/24251cadb48f26d41053bec406f2e.webp', 'https://realting.com/uploads/bigSlider/2ce/6b89104b07b3a067550796434d885.webp', 'https://realting.com/uploads/bigSlider/407/4f01d51ee546232f03f47bbfebd6d.webp', 'https://realting.com/uploads/bigSlider/e92/3cbcde4b8e433987f1e4980957b49.webp', 'https://realting.com/uploads/bigSlider/e13/d4fc15d966bcd4fc2352bba5de7a9.webp', 'https://realting.com/uploads/bigSlider/455/d4620a901e35aaeba6c408b085820.webp', 'https://realting.com/uploads/bigSlider/c57/cf0132a7c40af668151934ae89c37.webp', 'https://realting.com/uploads/bigSlider/67e/cbff2b1fccfe93f94c9ba4afa5632.webp', 'https://realting.com/uploads/bigSlider/522/b7b6f13eb4e3781b3d416cad98a9d.webp', 'https://realting.com/uploads/bigSlider/3d8/f6736f4cd78cedc7867cef240d455.webp', 'https://realting.com/uploads/bigSlider/30b/e4562804a0940d67e649749437466.webp', 'https://realting.com/uploads/bigSlider/8d1/6cb09790eb71e0faf679670c96deb.webp', 'https://realting.com/uploads/bigSlider/ffc/0ef1377b259a4c7e4029910249e5d.webp', 'https://realting.com/uploads/bigSlider/601/3a94cedd1c8f94bbf6f380193f9b2.webp', 'https://realting.com/uploads/bigSlider/a11/69a294c2162d8d8e829398c38b5f2.webp', 'https://realting.com/uploads/bigSlider/3a1/ec3bdce738e401703b53f9dd94992.webp', 'https://realting.com/uploads/bigSlider/5dc/037d21af7d6d2ed6b2aec317d558f.webp']"
https://realting.com/lithuania/property/3743838,"2 room apartment 40 m² Vilnius, Lithuania",Lithuania,Vilnius County,Vilnius city municipality,Vilnius,"Subaciaus g, 21 Kalejimu departamento prie Lietuvos Respublikos teisingumo ministerijos mokymo centras",54.6758,25.2948,"€380,000","$11,188/m²",1,3,40 m²,2,2026,"{'Security features': 'Combination Lock', 'Repair features': 'Partial finish', 'Construction materials': 'Brick', 'Sewer information': 'Central collector'}","""THE SWAPS PARKE"" SUBMITTED IN THE SENAMITERY OF VILNIUS PARTS WITH THE DESIGN OF DESIGN  ""Sangušių parkas"" is the exclusive newly built residential complex in Vilnius Old Town, Žiupynės street, near historical churches and monastery ensembles - a place where classical history meets with modern life. > TABLE >  PROJECT INFORMATION: • Modern residential complex, combined with the historic Old Town environment. • The project is being developed by RELEVEL, and the architectural solution was developed by HEIMA. • End of construction foreseen in 2026 • The complex consists of 55 flats of different sizes (30 to 200 m ²). • The project has high energy class (A + +), modern comfort features and sustainable solution.  PROJECT PRINCIPLES: • Historical and cultural environment - residents live in the centre of Vilnius Old Town, surrounded by architecture and city history. • Conveniences - underground car parks, concierge services, safe and enclosed area, elevator availability on each floor. • Commercial space - administrative and service facilities on the first floors that create an active living environment.  GENERAL: • Address: Žiupronių g. 7, Vilnius; • High: 1 / 3; • Area: 39,55 sq. m.; • Number of rooms: 2; • Partial finish, prepared apartment installation project; • Heating: central - collector; • Year of construction: 2026;  CONTACT AND INFRASTRUCTURE: This apartment is located in a prestigious project ""Sangušių parkas"" - in the heart of Vilnius Old Town. When you live in the city center, you will enjoy exceptional comfort: everything is achieved by walking - cozy cafes, restaurants, galleries, business centers, green spaces and basic cultural objects. This is a place where you don't have to plan time to travel through the city - life is happening here and now. Central location not only ensures the highest comfort of life, but also creates long-term value of property - real estate in the old town remains a demand for both life and investment. You can find all the latest CAPITAL real estate ads on our website www.capital.lt. Please visit!","['https://realting.com/uploads/bigSlider/43f/d2640517081b71ad98f4b24d61a0f.webp', 'https://realting.com/uploads/bigSlider/bec/fda0a6795249ff5d2352291d6a810.webp', 'https://realting.com/uploads/bigSlider/433/ed276332ca9296309bce754b7e975.webp', 'https://realting.com/uploads/bigSlider/59f/f71759cf25017a6bd23fd7532e7da.webp', 'https://realting.com/uploads/bigSlider/c89/8c54d96c4f9b30561a817f0a79a35.webp', 'https://realting.com/uploads/bigSlider/fc4/ea7bfda7ff615e5a41f892f5228d4.webp', 'https://realting.com/uploads/bigSlider/c4e/29cab26352adda7f61c309f7a2535.webp', 'https://realting.com/uploads/bigSlider/8c9/a13bd40aa43bed8b3d42f2abaccc1.webp', 'https://realting.com/uploads/bigSlider/d12/74215c8e9980c94e937c8ae153821.webp', 'https://realting.com/uploads/bigSlider/3e4/93781846804a299d1cceb351cccf0.webp', 'https://realting.com/uploads/bigSlider/20b/1a454e7fe8762542755ef3cc2631f.webp', 'https://realting.com/uploads/bigSlider/3b0/b9fc84ed4b2bcc6bf306465f961f7.webp', 'https://realting.com/uploads/bigSlider/824/b29ee799aad1e7bd38d9fb6e77dfe.webp', 'https://realting.com/uploads/bigSlider/a16/4580b88fe2a25427bd5e1cab8b632.webp', 'https://realting.com/uploads/bigSlider/80a/c9c58b3d1785f1ff5fb8e9a4af706.webp', 'https://realting.com/uploads/bigSlider/0f0/616aa58b1d2382064e65a7b586406.webp', 'https://realting.com/uploads/bigSlider/db4/3b159d62bf64e3d72b2335f0425ae.webp', 'https://realting.com/uploads/bigSlider/bee/8069e48893f4eed73bbf939c06dcb.webp', 'https://realting.com/uploads/bigSlider/9f2/d4ea26744378a0ec83372d476b107.webp', 'https://realting.com/uploads/bigSlider/a70/b25d97950e3c6a9fa41d8b5305013.webp']"
https://realting.com/lithuania/property/3757390,"3 room apartment 41 m² Vilnius, Lithuania",Lithuania,Vilnius County,Vilnius city municipality,Vilnius,"Rudaminos g, 4",54.6637,25.2821,"€78,000","$2,214/m²",2,2,41 m²,3,1940,N/A,"SALES OF 3 CAMBALES G. 4, INNOVATION!  The apartment has a spacious common, kitchen area, bathroom and 2 spacious bedrooms. The city center is only 10-12 minutes away by car Lots of parking places near the house. A strategically convenient place - near the public transport stop, shops, schools, kindergartens, library. -------------------------------------------------- FORMER PRINCIPLES: • New and neat apartment documents; • overhaul of the apartment in 2023; • Low maintenance costs; • The apartment has its own pantry; • Lots of parking places; • Easy access to the city center and Old Town; • Next to school, kindergartens, shops, library. -------------------------------------------------- GENERAL: • Address: Newcomers, Rudaminos g. 4, Vilnius; • Total area: 41.17 sq.m.; • Type of house: wooden; • High: 2 / 2; • Room App: 3; • Heating: (Individual central heating system - solid fuel boiler); • Water supply - urban utility water supply; • Waste water disposal - urban; • Year of construction: 1940, 2023. -------------------------------------------------- INFRASTRUCTURE: ~ 2.50 km Distance to the center; -------------------------------------------------- AUTOBEEPS ~ 0.20 km ~ 0.37 km ~ 0.45 km Dzukų st. -------------------------------------------------- EDUCATION BODIES ~ 0.40 km Vilnius ""Juventos"" gymnasium; ~ 0.51 km Vilnius ""Saulėtekis"" secondary school; ~ 0.31 km - kindergarten ""Salelis""; ~ 0.32 km Vilnius cradle-kindergarten ""Two wigs""; -------------------------------------------------- TRADE CENTRES ~ 0.31 km up to the CAPS; ~ 0.35 km to ROCK; ~ 0.40 km Abe; ~ 0.54 km Lidl; ~ 0.58 km Maxima X; _ _ _ _ _ _ _ _ _ _ _ _ FOR DETAILED INFORMATION AND EXAMINATION CONTACT: NT BROKER WYED LYAQ Tel. E-mail: All the latest CAPITAL real estate ads can be found on our website www.capital.lt. Please visit!","['https://realting.com/uploads/bigSlider/554/ab52187bbb3fce732e2e43e76b4a7.webp', 'https://realting.com/uploads/bigSlider/c57/2eceda54a9683b9e96ac7d3e34914.webp', 'https://realting.com/uploads/bigSlider/38a/dd27e240eaa5b2fa151acedae939b.webp', 'https://realting.com/uploads/bigSlider/55f/e87a3be6b04d8a929a94621d0a037.webp', 'https://realting.com/uploads/bigSlider/51c/d82d9eded1ab260f850b421cbd427.webp', 'https://realting.com/uploads/bigSlider/c2d/a33844741a213c922d6ce626d6bf0.webp', 'https://realting.com/uploads/bigSlider/fc6/b401e21de406d995809ce25d0e167.webp', 'https://realting.com/uploads/bigSlider/4b8/7b6530f2e434246074900721b5382.webp', 'https://realting.com/uploads/bigSlider/900/49540a0da8d081b8a04dd430827c3.webp', 'https://realting.com/uploads/bigSlider/21b/97db7146887633eb515e7e0da04cb.webp', 'https://realting.com/uploads/bigSlider/b69/4ba5805f3495c1d5a7f2d1170ad0e.webp', 'https://realting.com/uploads/bigSlider/021/5a572da340fa11a010e41b7f00d4e.webp', 'https://realting.com/uploads/bigSlider/e93/36bfcb37c1efde2e44529b2194b1b.webp', 'https://realting.com/uploads/bigSlider/59e/a0baa1a4e93c0093f4f83b46f4705.webp', 'https://realting.com/uploads/bigSlider/4fe/9f8b8cbc6d5ca8601f0ee48474391.webp', 'https://realting.com/uploads/bigSlider/a17/39da1fa2af3ee88f8e906e5bed7c9.webp', 'https://realting.com/uploads/bigSlider/292/63f160952ed3323066c4eff376f23.webp', 'https://realting.com/uploads/bigSlider/44c/33ad908ae23ac509d0928665a8c6f.webp']"
https://realting.com/lithuania/property/3790201,"3 room apartment 65 m² Kaunas, Lithuania",Lithuania,Kaunas County,Kauno miesto savivaldybe,Kaunas,"A Smetonos al, 43",54.8697,23.9632,"€245,000","$4,471/m²",1,3,65 m²,3,2016,"{'Heating': 'Central heating', 'Construction materials': 'Brick'}","SALE STYLINGS INSTALLATED WITH 3 CARBAKS ROLE OF THE HEADLAMP - SYMBOL AL. 43 _ _ _ _ _ _ _ _ _ _ _ _ _ _ _ _ _ _ _ _ _ _ _ _ A quiet life near nature, but just a few minutes to the city center - this balance, which is becoming increasingly difficult to find in Kaunas. _ _ _ _ _ _ _ _ _ _ _ _ _ _ _ _ _ _ _ _ _ _ _ _ BASIC PRINCIPLES:  • Fully equipped, modern apartment - can live immediately • Functional layout with spacious kitchen and website area • High quality installation - not done for sale • Wonderful view through the windows, the Nemunas River, natural views • Comfortable first floor, light access • Quiet and green environment - near parks and forests _ _ _ _ _ _ _ _ _ _ _ _ _ _ _ _ _ _ _ _ _ _ _ _ GENERAL:  • Address - Smetonų al. 43, Kaunas • High - 1 / 3 • House type - masonry • Heating - central • Number of rooms - 3 _ _ _ _ _ _ _ _ _ _ _ _ _ _ _ _ _ _ _ _ _ _ _ _ DISTRIBUTION:  • Living room with kitchen - spacious, modern, with kitchen island • Bedroom - cozy, calm, relaxation-oriented • Bathroom - stylish, with quality plumbing and comfortable layout • Working room / extra space - perfect for work from home, can be used as a guest room or a garment • Corridor - with wall closets for storage _ _ _ _ _ _ _ _ _ _ _ _ _ _ _ _ _ _ _ _ _ _ _ _ INSTALLATION:  • Modern kitchen with integrated household appliances • Dark tones, minimalist furniture and solutions • Quality floors and finishes • Large windows - lots of natural light • neat, aesthetic interior with exclusive accents _ _ _ _ _ _ _ _ _ _ _ _ _ _ _ _ _ _ _ _ _ _ _ _ INFRASTRUCTURE:  • Just a few minutes on foot to Panemune Shill • Around forests, parks, walking and cycling trails • Near cafes, shops, services • Convenient access to Kaunas Centre All latest CAPITAL real estate ads can be found on our website www.capital.lt. Please visit!","['https://realting.com/uploads/bigSlider/e51/2ae4aca68782e01c4175084f214f5.webp', 'https://realting.com/uploads/bigSlider/369/2b9ec3017511e2454ef6fbb3b9275.webp', 'https://realting.com/uploads/bigSlider/421/54f7ad1fe8a2fa9429d7147dbbd85.webp', 'https://realting.com/uploads/bigSlider/592/8d617ab2429c95840d98d8cdc687a.webp', 'https://realting.com/uploads/bigSlider/019/16c5f5c94f95c35d67d809348456e.webp', 'https://realting.com/uploads/bigSlider/04b/2b53af5fb3ca8e9e88c34888871bf.webp', 'https://realting.com/uploads/bigSlider/a14/d07f3150e039ff8ec99b8ff82c29e.webp', 'https://realting.com/uploads/bigSlider/611/2ce81f4c4b7fe6460b879bd1b7c8f.webp', 'https://realting.com/uploads/bigSlider/247/c402fe71a8b0657348f18d225529e.webp', 'https://realting.com/uploads/bigSlider/9fe/7e153a872a9ad7d32d84249957017.webp', 'https://realting.com/uploads/bigSlider/282/4f28ea6a8986baf62f73a52db6177.webp', 'https://realting.com/uploads/bigSlider/37d/38bb061686684dc16ca3df04846d5.webp', 'https://realting.com/uploads/bigSlider/2cd/6c88e073caefaca5f11fca6d92e70.webp', 'https://realting.com/uploads/bigSlider/5e2/def6eefd2b24593f77b11bed70370.webp', 'https://realting.com/uploads/bigSlider/fb1/bc0d17d34920891430fd5e53791a6.webp', 'https://realting.com/uploads/bigSlider/2be/66e5772abe3055c7e4df3cda1593c.webp', 'https://realting.com/uploads/bigSlider/ec3/88111bc682323229bb63f50b9d260.webp', 'https://realting.com/uploads/bigSlider/c60/92da46e4bf5d5c3259f6c6b163b2a.webp', 'https://realting.com/uploads/bigSlider/4c6/e4e20733d340e82fbfae15c855176.webp', 'https://realting.com/uploads/bigSlider/608/40f86c4d7da31eacd99b83658b246.webp']"
https://realting.com/lithuania/property/3784776,"3 room apartment 81 m² Prienai, Lithuania",Lithuania,Kaunas County,Prienai District Municipality,Prienai,"Birutes g, 9",54.6461,23.9612,"€117,450","$1,670/m²",3,4,81 m²,3,2026,N/A,"BUTTER 9 - A NEW PROJECT ON THE PRIVATE, MAKING THE OPPORTUNITIES OF NATURAL GROWTH AND PROMOTING THE PRINCIPLES OF THE MASTER. THE POTENTIAL MARKET WITH PARTS OR COMPLETE ADVICE.  In this regard, the Commission notes that the Commission has not received any comments from interested parties.  It is a project that is suitable for you, if you dream to ride new bicycle paths and to know the forests around the city and Nemunas's victories from close to the city, to fill with fresh air while walking around the nearby parks, to spend time with children in playgrounds, to refresh in a well-arranged pond on hot summer days, and to enjoy the services of just 400 meters of distance Prienai Sports Arena and swimming pool.  PRINCIPLES: - Comfortable layout apartment for low price - Apartment on the second floor of many loved ones - You will get to the balcony from both rooms - Quality A + category panoramic windows - Modern accounting system installed - We provide access to our own parking places - After buying a room in the basement (it will also have bicycle storage) you will be able to safely keep your property - The project is surrounded by newly arranged parks, walks and bicycle paths - Towing and school access in just a few minutes  GENERAL: - Address: Birutės g. 9, Prienai - Apartment area: 81.14 sq. m. - Price: 117 450 Eur. - Year of construction of the house: ANNEX II - Number of rooms: 3 - High: 3 from 4 - Windows: Categories A + - Heating: central collector - Communications: urban - Ventilation: natural, there is an opportunity to install a recuperative system.  DISTRIBUTION: - Objects: 13.38 sq. m. - Living room with kitchen: 33.99 sq.m. - Room: 16.58 sq. m. - Room: 10.35 sq. m. - Clothing: 1.80 sq.m. - Bathroom: 5.04 sq.m  TECHNICAL INFORMATION FOR THE BUTTER - You know, the yellow concrete. - Outer walls: brick walls 51 / 25 cm thick with 20 cm polystyrene foam insulation; facade finish: painted decorative two-colour plaster. - Interior walls and bulkheads: The walls are customized; inner bulkheads between the apartments: stone, 24 cm gas silicate blocks; inner bulkheads between the rooms: stone and plaster with a 10 cm mineral wool layer between them. - Lubos (overlay): Overcoat: reinforced concrete plate with sound insulation. - Floor: concrete ready for floor laying. Warm floor in all rooms. - Outdoor door: armor. - Heating system: House heating is equipped with double tube, forced circulation, collector with individual heat accounting (for each apartment / room). Heat Source - central heating from urban networks. Hot water is prepared in the boiler room. Heat metering meters are installed in a staircase cabinets. Designed (non-installed) electrical snake in sanitary node room. - Ventilation: natural, there is an opportunity to install a recuperative system. - Water supply and sewerage: The water inlet and drains shall be located in the kitchen area and in the building. - Electrical installation: According to the project, the electrical installation and the Internet are being developed. - Environmental management: built access roads, the yard is trunked, the lawn is sown and the pastures are planted, the children's playground and sports area are installed, the facade lighting (in the courtyard, 4 / balcony points p.: 1 - Parking places: will be sold as an engineering building with specified procedures for use in a notary contract. - Building energy efficiency: Building Energy Class B. The building meets all energy efficiency requirements of Class A +.  Infrastructure, children's playground, landscaped environment, near Nemunas, new pedestrian and bicycle paths, bus stops. The schools, kindergartens, shops, sports complex with swimming pool, clinics and park with pond and beach will be reached in minutes, both on foot and by car. Kaunas, Alytus, Marijampole will be reached in 30-40 minutes, Birštonas resort in just 10 minutes by car. You can find all the latest CAPITAL real estate ads on our website www.capital.lt. Please visit!","['https://realting.com/uploads/bigSlider/c01/5e2eb767f579a046a68aada6f86f5.webp', 'https://realting.com/uploads/bigSlider/6b1/7150ed3a9988ce6f196fcfbedae01.webp', 'https://realting.com/uploads/bigSlider/3ce/75d8f332d499f653f48e2a96ffa7a.webp', 'https://realting.com/uploads/bigSlider/9cc/d0d9fdb065203b04619fd34fc0cd4.webp', 'https://realting.com/uploads/bigSlider/5fa/e2b785387f31178e91e83fb457b05.webp', 'https://realting.com/uploads/bigSlider/fe7/cf13ed2611f98d682a327a7b0fcda.webp', 'https://realting.com/uploads/bigSlider/5a0/30f1e8f8ea674ad256bae7b7231e6.webp', 'https://realting.com/uploads/bigSlider/4c9/3f78d959ded6a0e87dafdb4aa5feb.webp', 'https://realting.com/uploads/bigSlider/637/9e3057ad61cefa2e29e8d296e2770.webp', 'https://realting.com/uploads/bigSlider/ec3/aacd0611bd6178bf936fd53ba7527.webp', 'https://realting.com/uploads/bigSlider/4fc/e30173d19d6c5ca7311620a865761.webp', 'https://realting.com/uploads/bigSlider/9f6/b49780f823a7eb4870b799951c8dd.webp', 'https://realting.com/uploads/bigSlider/3c2/91396da7ba05241717bd36159b808.webp', 'https://realting.com/uploads/bigSlider/e9f/d7115b27a68c7fb472363ba1ee8b0.webp', 'https://realting.com/uploads/bigSlider/a8f/85ede96faba320484e33eba3b9bbe.webp', 'https://realting.com/uploads/bigSlider/0a5/3f1ce499be5383bfa6529a3c8765d.webp', 'https://realting.com/uploads/bigSlider/3b6/016c58132b623edc35525d7591a06.webp', 'https://realting.com/uploads/bigSlider/679/eae9d00c47ec92e516b361cecb0dd.webp', 'https://realting.com/uploads/bigSlider/8be/d6f6f2b80702eb9dcf059dd179847.webp', 'https://realting.com/uploads/bigSlider/c0c/f445359aa73f49a1fa787c82665a3.webp']"
https://realting.com/lithuania/property/3739547,"3 room apartment 61 m² Vilnius, Lithuania",Lithuania,Vilnius County,Vilnius city municipality,Vilnius,"Rygos g, 11 a",54.7169,25.2245,"€195,300","$3,674/m²",5,9,61 m²,3,2026,"{'Interior Features': 'Balcony', 'Repair features': 'Partial finish', 'Sewer information': 'Central collector', 'Exterior features': 'Elevator'}","SALE OF A PARTIAL APDAILA IN A NEW, EXCLUSIVE QUALITY PROJECT IN THE SEA!  Discover your new home in Vilnius Justiniškės district, where modern residential complex RĪGĖU will be built. This project offers modern apartments that will raise your standard of living by step above! Here you will find 1, 2, 3 and 4 rooms apartments with areas ranging from 27 to 77 sq.m. adapted for all life needs.  All apartments will be equipped with windows that provide a high level of light and a sense of space. In all buildings there will be lifts, and in apartments there will be central floor heating, recuperators and air conditioners that ensure comfort all seasons. The complex will also be equipped with a children's playground, tracks and pastures that ensure a cozy environment.  The project is located in the very In the heart of Justiniškės, where convenient access and excellent infrastructure - wide Riga street, schools, kindergartens, supermarkets, medical institutions. The construction end is planned for the second quarter of 2026.  More information: www.rigo.lt  GENERAL INFORMATION: • Total area: 61,30 sq. m; • High: 5 / 9; • Room App: 3; • Installation: partial finishing; • Window orientation: R, V  NAM • Address: Rīga g. 11A, Vilnius; • House type: monolithic; • Heating: central - collector (floor) with individual accounting; • 5- 9-storey apartment houses; • There is a high quality of construction, a favourable quality / price ratio! • Buildings comply with the latest efficiency requirements for energy class A +; • The project includes ground and underground parking areas that ensure comfortable parking for every citizen. • Stairs, near the entrance to the building, at the entrance to the park and in the territory of the yard are equipped with video surveillance system.  TECHNICAL DATA AND SUBSTANCES USED: • Facade - decorative plaster, clinker tiles; • The walls between the apartments - FIBO5 15 cm blocks, 10 cm mineral wool and double plasterboard framework, C acoustic class. Apartment interior bulkheads and bathroom bulkheads - single gypsum cardboard with mineral wool filling (the overall thickness of the inner interpersonal walls - 7 cm; • The entrance door to the apartment is armoured, with two locks; • Windows - - PLASTICS A + + ENERGY CLASS MEGRAME ® S9000 with 6 camera window frames, filled with two-chamber selective glass packets (3 glasses); • A recuperator (planned by PAU company) is installed for ventilation of the apartment; • House staircases - customized and painted walls, acoustic ceilings, LED lights, terrace steps and squares for the staircase, covered with tiles or vinyl floor covering; • House heating is equipped with floor heating with individual heat accounting for each apartment; • Balcony floor - ground concrete. On the first floor terraces - pads.  ENVIRONMENT: • All rafters have been arranged: the environment of the house has been arranged, children's playground, benches, the territory has been planted, pavement pavements, yard and street lighting; • The project has developed all the necessary urban infrastructure: wide Riga street, schools, kindergartens, supermarkets, medical institutions, etc.; • Very fast and convenient access in all directions - Center in just 10 minutes!  LOCATION: • Old town (German street) - 8.5 km (accessible within ~ 15-17 minutes); • Justiniškės st. (buses - 5G, 43, 73, 75) ~ 250 m; • As many as 10 educational establishments (kindergartens, schools) - 1 km radius; • Store RIMI - ~ 170 m. You can find all the latest CAPITAL real estate ads on our website www.capital.lt. Please visit!","['https://realting.com/uploads/bigSlider/fb2/33f62d8998945172aba7f57013e5d.webp', 'https://realting.com/uploads/bigSlider/7be/fcd0680fdadbba495698fbeb76cd6.webp', 'https://realting.com/uploads/bigSlider/5ae/ef4163fbd90880f10fb3bec56a672.webp', 'https://realting.com/uploads/bigSlider/546/3d69cdac3d1bf8291078da312104d.webp', 'https://realting.com/uploads/bigSlider/3d1/073c68263bdca2dc1797aae9f9f3d.webp', 'https://realting.com/uploads/bigSlider/56f/6da0cb584f9ce8f02a9655074ec08.webp', 'https://realting.com/uploads/bigSlider/921/ef41099070141f17c62bdca978cbc.webp', 'https://realting.com/uploads/bigSlider/f17/82c3a79be4be6a91136b13d197e3a.webp', 'https://realting.com/uploads/bigSlider/c38/0537576c2d93b62d50bf3456285e1.webp', 'https://realting.com/uploads/bigSlider/00a/b6ff96541c8f3f62ec9ed10a2f109.webp', 'https://realting.com/uploads/bigSlider/f5a/02cc6f8723d2998f3dd3063d77d2d.webp', 'https://realting.com/uploads/bigSlider/957/0bae558cccdf0550a9148cd01850b.webp', 'https://realting.com/uploads/bigSlider/c61/03e4004af0370eb7e5acf19353095.webp', 'https://realting.com/uploads/bigSlider/880/88c5ce217ba5cceb12229ec2c513d.webp', 'https://realting.com/uploads/bigSlider/f2d/1b69ad16c11b6a681b46b95dba250.webp', 'https://realting.com/uploads/bigSlider/0a9/6d3585a3764c3bc08eb5f1d4bcb50.webp', 'https://realting.com/uploads/bigSlider/8a8/196a05e127eb2d13ceeb260766742.webp', 'https://realting.com/uploads/bigSlider/082/b3e0619daed6f3ec35c6194cfd6af.webp', 'https://realting.com/uploads/bigSlider/290/8c1081c9d4b20a7f999fbb067b8b4.webp', 'https://realting.com/uploads/bigSlider/5c1/8acda9d6da5bceef1d46f2b4ebe54.webp']"
https://realting.com/lithuania/property/3739651,"2 room apartment 54 m² Vilnius, Lithuania",Lithuania,Vilnius County,Vilnius city municipality,Vilnius,"Naugarduko g, 41 La Madeleine",54.6741,25.2676,"€229,000","$4,885/m²",2,4,54 m²,2,1980,"{'Interior Features': 'High ceilings', 'Security features': 'Combination Lock', 'Construction materials': 'Brick', 'Exterior features': 'Elevator'}","IN THE SECOND VILNIUS CENTRE, NEW GUINEA, BUILDING SPACE, NEW INSTALLATION AND LIVING PREPARATED LOFTE OF 54 KV.M., 2 / 3 CAKBAREA WITH GROWTH, Even up to 5.50 LUBES.  A SIGNIFICANT SIGNIFICANT SIGNIFICANT SIGNIFICANT SIGNIFICANT SIGNIFICANT CENTRE. ........................................................................................................... PRINCIPLES OF THE PROJECT AND STATUS: - ""Loft Gallery"" project is located in the heart of the New Town, in T. Ševčenka Loftų courtyard, at Naugarduko str. 41b; - A completely newly built loft where you can immediately settle and live without any additional investment or repair concerns. - Modern interior, where each detail is considered - cosiness, functionality and aesthetics in one space. - Quality materials and modern solutions for comfort and durability. - A small-storey building with only 36 lofts of a small and modern community. - The building is distinguished by the facade of red bricks and a unique detail - preserved with metal staircases, which will override the building wall; - Exclusive common spaces: renewed stairways and corridors; - Renovated and heated facade with red terracotta tiles; - High ceilings, windows and solid space will create a special sense of freedom; - Aero-thermal floor heating with individual accounting will ensure comfort and result in low maintenance costs; - Shindler elevator fitted; - Comfortable location - walk to the old town in just 10 minutes; ........................................................................................................... GENERAL: - Total area: 54,35 sq.m; - First floor area: 32,37 sq.m; - Surface area: 21,98 sq.m; - Price with discount: 229 000 Eur. - High: 2 / 4; - Window orientation: lunch; - Purpose: other (not); - Year of renovation: 2023; - Heating: equipped floor - aerothermal. ........................................................................................................... LOFTO INSTALLATION: - Wall: painted; - Floor: Solid floor, quality vinyl (wood imitation). - Stairs: black, metal with handrails on the second floor; - in the bathroom: tiles; ........................................................................................................... PLACE AND CONTACT OF HOUSEHOLD: - To Vilnius city center ~ 1.7 km; - To the nearest public transport stop ~ 40 m; - To Vilnius bus station ~ 1 km; - Shopping centers: IKI ~ 350 m, Maxima ~ 540 m, Lidl ~ 720 m ........................................................................................................... Watch! You can find all the latest CAPITAL real estate ads on our website www.capital.lt. Please visit!","['https://realting.com/uploads/bigSlider/f83/216ad72ac971a0593dbee7b9b35e1.webp', 'https://realting.com/uploads/bigSlider/47e/8d7711613fd2eba126d17cca9af0e.webp', 'https://realting.com/uploads/bigSlider/a75/11e0c9a1ab91b4eafef73fde118cf.webp', 'https://realting.com/uploads/bigSlider/130/d54cb64a98182c4aa4d5f97be4c5d.webp', 'https://realting.com/uploads/bigSlider/809/7a96b3f1c4a83a9713a6832571809.webp', 'https://realting.com/uploads/bigSlider/2b0/a4426b33f694f315c079f28e0c3cb.webp', 'https://realting.com/uploads/bigSlider/b6a/baa7b531dd9ab82b54875155cf640.webp', 'https://realting.com/uploads/bigSlider/7ba/c0bcd954537214201e231db1c3a68.webp', 'https://realting.com/uploads/bigSlider/04c/c6d4800a06b9ef4fe2b253e9d8ce6.webp', 'https://realting.com/uploads/bigSlider/630/accee1e55e01847235ad4c98d1f61.webp', 'https://realting.com/uploads/bigSlider/a0c/e673e370f9d708dcb7d8bb93746e7.webp', 'https://realting.com/uploads/bigSlider/9ae/33d1613dfa1c361047054f54ef404.webp', 'https://realting.com/uploads/bigSlider/bbf/49db1b54d0dca7ee9171ba6021d1b.webp', 'https://realting.com/uploads/bigSlider/8ab/bd18de466ad78a88c08391fd70e24.webp', 'https://realting.com/uploads/bigSlider/3e5/4fd0f08f901d6cb52731bf54dfe07.webp', 'https://realting.com/uploads/bigSlider/02a/0b1ae56de3b43f18d9565304bd1cd.webp', 'https://realting.com/uploads/bigSlider/9d3/d3abe746fd80b0e59546c7d4c23f7.webp', 'https://realting.com/uploads/bigSlider/359/b50bf99c5c71502323a7f93c9a5d7.webp', 'https://realting.com/uploads/bigSlider/1f7/1d64913a4a9599b5cf52792f8ce27.webp', 'https://realting.com/uploads/bigSlider/41d/5841466acd582bbe52b5d5f86b152.webp']"
https://realting.com/lithuania/property/3739595,"3 room apartment 58 m² Vilnius, Lithuania",Lithuania,Vilnius County,Vilnius city municipality,Vilnius,"Krivules g, 1 c",54.6778,25.3035,"€329,800","$6,613/m²",1,4,58 m²,3,2015,"{'Heating': 'Gas heating', 'Construction materials': 'Brick'}","SCONINKED 3 CASTLE BUILDING  3 rooms apartment for sale in the prestigious Paupys district, Krivūlės g. 1C. This dwelling is distinguished by an exclusive design, which harmoniously combines modern style and subtle elements of wood, which give a sense of comfort and naturality. Spaces are designed with great thought - the living room is connected to the kitchen area and is equipped with large windows that provide a lot of natural light. From the site you get directly to a private outdoor terrace where you can enjoy peace or accept guests. The apartment is equipped with high-quality materials, interior carefully thought up to detail - functionality combined with aesthetics. Location is one of the most attractive in Vilnius: The savings are famous for their architecture, green spaces, plenty of cafes and galleries, and convenient access to the Old Town. It is a great choice for those looking for comfort, exclusivity and high quality of life. _ _ _ _ _ _ _ _ _ _ GENERAL:  • Address - Krivūlių g. 1C, Vilnius; • Construction of the house - 2015 • Number of rooms - 3; • Total area - 57.82 sq.m; • Heating type - gas; • Building type - brick • High 1 / 4. _ _ _ _ _ _ _ _ _ _  DISTRIBUTION:  First floor:  • Kitchen / living area - 29.35 sq.m; • Bedroom - 14.30 sq.m • Shower / WC room - 4.57 sq.m; • Warehouse; • Spacious terrace.  Second floor:  • Working space - 9.60 sq.m. _ _ _ _ _ _ _ _ _ _ PRINCIPLES:  • Spacious private outdoor terrace; • Stylish, cozy and luxurious interior; • Quality household appliances; • Reliable conditioning system; • Excellent space; • Ground heating; • Closed, secure parking lot; • Nice location. _ _ _ _ _ _ _ _ _ _ LOCATION AND DISTRIBUTION:  • Convenient access to any part of the city by individual or public transport; • Vilnius city center is only ~ 5 minutes away by car; • 500 meters to the Kūdra Park; • 160 m before the ""Paupys"" market; • 300 m to the river Vilna; • 180 m to the nearest public transport stop; • 160 m to the nearest shopping centre; • 210 m to the nearest nursery / cradle; • 500 years to the nearest educational establishment. _ _ _ _ _ _ _ _ _ _  You can find all the latest CAPITAL real estate ads on our website www.capital.lt. Please visit!","['https://realting.com/uploads/bigSlider/ba7/dc3c5e04777fdc913533c5ea9db8a.webp', 'https://realting.com/uploads/bigSlider/606/dcc933212a9300e265de7f9be33c0.webp', 'https://realting.com/uploads/bigSlider/a6c/0eb817917ea79ea0761e4c35f0ab5.webp', 'https://realting.com/uploads/bigSlider/19c/fadc7603764c2e14f1d339ab4ee17.webp', 'https://realting.com/uploads/bigSlider/9ca/b64a320d60bd83f167653a22db025.webp', 'https://realting.com/uploads/bigSlider/7a0/a998247f6767ca54a90028a93d672.webp', 'https://realting.com/uploads/bigSlider/a3c/e9fdd16a1f16619a101c88991a1f7.webp', 'https://realting.com/uploads/bigSlider/95b/bd738727578b111dfb5dd9a0f691d.webp', 'https://realting.com/uploads/bigSlider/ae9/80d1d8c3c5b33507c8aa4c38db919.webp', 'https://realting.com/uploads/bigSlider/772/389f3c2da9bcda1ee7fdc3459c43b.webp', 'https://realting.com/uploads/bigSlider/2e5/27ede260fe2802a35f7399646b4fc.webp', 'https://realting.com/uploads/bigSlider/097/1156a37c3fe5cf34a6e0b7dc9e18e.webp', 'https://realting.com/uploads/bigSlider/d29/37d8b1d1819b14e817f0a8bd56303.webp', 'https://realting.com/uploads/bigSlider/784/a8d1f6618951cc63bdd4ac3c96f88.webp', 'https://realting.com/uploads/bigSlider/5ba/d43f3bb5088d2b84395d5c90a14b8.webp', 'https://realting.com/uploads/bigSlider/510/d226cdeb55d976b24ec697aad15a8.webp', 'https://realting.com/uploads/bigSlider/8b5/d048283b312d3e598323fd3620c77.webp', 'https://realting.com/uploads/bigSlider/41d/e7939a8ec085be3305fe9d4f11730.webp', 'https://realting.com/uploads/bigSlider/e7b/b222a6cefc29be7d81630eb266bd9.webp', 'https://realting.com/uploads/bigSlider/095/1509033c9050b3f4688c505d2244a.webp']"
https://realting.com/lithuania/property/3791186,"1 room apartment 33 m² Vilnius, Lithuania",Lithuania,Vilnius County,Vilnius city municipality,Vilnius,"Architektu g, 31",54.6735,25.2065,"€118,900","$4,206/m²",3,5,33 m²,1,1978,"{'Heating': 'Central heating', 'Security features': 'Combination Lock', 'Construction materials': 'Precast'}","1 room very spacious apartment for sale at corner Lazdynai. The apartment is bright, and comfortably planned. There's a cellar. The apartment is perfect for so much investment. Currently rented for 390 eur / month It would be easy to get this amount within a month. GENERAL • Address: Architekių g., 31 Vilnius • Total apartment area: 33.23 sq.m; • Rooms sk: 1; • High: 3 of 5; • Type of house: block; • Year of construction: 1978; • Purpose: residence; • Condition: Good; • Heating: central. PRINCIPLES • The apartment is neat and sold with all household appliances and furniture; • Spacious kitchen. • Apartment is not corner; • Lockable staircase with telephone head; • The apartment has a warm and dry basement; • Parking in the common yard is always local; • The surroundings of the block, children's playground, mature greenery; • Nearby Lazdijai pool, shops, medical and learning institutions, sports clubs, walking and cycling paths, public transport stations. LOCATION AND INFRASTRUCTURE ~ 100 m to the frost; ~ 600 m to the Rimi shopping centre; ~ 450 m up to PAPARTIS; ~ 750 m from the Lazdijai basin. If you want to sell - consult your NT - call and talk, I can really help you. Capital Team broker Vytautas Stravinskas Te.: You can find all the latest CAPITAL real estate ads on our website www.capital.lt. Please visit!","['https://realting.com/uploads/bigSlider/3e5/31f8bce38cfac1d7e03fefc4fa900.webp', 'https://realting.com/uploads/bigSlider/cb1/a80ba6e77830c3c127fb8117c5303.webp', 'https://realting.com/uploads/bigSlider/ea8/fcd6c45f120104a941adc45de6e1e.webp', 'https://realting.com/uploads/bigSlider/cbd/25303e35372f2106525ecb95f0ae1.webp', 'https://realting.com/uploads/bigSlider/7db/5fe0cebf2347b856ce3d13e17b426.webp', 'https://realting.com/uploads/bigSlider/257/071acc16550e9309df425245ac758.webp', 'https://realting.com/uploads/bigSlider/27a/55e42d68ceb2a0950cab83f62ae06.webp', 'https://realting.com/uploads/bigSlider/4b6/41f9153d6bcf2bb206917521e0b62.webp', 'https://realting.com/uploads/bigSlider/e6d/6b8cb467dae22efb09d3035d6938d.webp', 'https://realting.com/uploads/bigSlider/bb9/2ab0caed36e221a73700cb0312680.webp', 'https://realting.com/uploads/bigSlider/6b7/672fc5c7e4120286ca8d2744a632c.webp', 'https://realting.com/uploads/bigSlider/62e/5b890e24f90c0ca1afc29256c2f6a.webp', 'https://realting.com/uploads/bigSlider/6d5/e427f50e3861b16f5eb2091407cbd.webp', 'https://realting.com/uploads/bigSlider/ddc/a84249728d6f9b2fdb845a76aecee.webp', 'https://realting.com/uploads/bigSlider/957/f9a114ffa79dc5529f43c96eb37fc.webp', 'https://realting.com/uploads/bigSlider/905/de732888858b975d9eaee5070cf58.webp', 'https://realting.com/uploads/bigSlider/d12/b6aeaf4c239bc9dd80ae372626ca6.webp', 'https://realting.com/uploads/bigSlider/758/9676418fb763154d63ffe4805c53b.webp', 'https://realting.com/uploads/bigSlider/44d/754c99c531e840c0f1dd112a43209.webp', 'https://realting.com/uploads/bigSlider/087/664c8955861a8e554eabb1c17267b.webp']"
